{
    "euclidean": 0.0009434223175048828,
    "manhattan": 0.02892899513244629,
    "chebyshev": 0.02906060218811035,
    "sqeuclidean": 0.0008032321929931641,
    "canberra": 0.03005194664001465,
    "mahalanobis": 0.02542281150817871,
    "cosine": 0.0012557506561279297,
    "lorentzian": 0.643653392791748,
    "divergence": 0.692826509475708,
    "hamming": 0.6195433139801025,
    "eskin": 0.6087884902954102,
    "iof": 0.6101548671722412,
    "of": 0.625685453414917,
    "co-oc": 0.7051279544830322,
    "dilca": 0.7467622756958008,
    "jaccard": 0.02751779556274414,
    "dice": 0.031925201416015625,
    "kulsinski": 0.028451204299926758,
    "rogerstanimoto": 0.02754068374633789,
    "russellrao": 0.026908397674560547,
    "sokalmichener": 0.028770923614501953,
    "sokalsneath": 0.027902603149414062
}