{
    "euclidean": 3.4176323413848877,
    "manhattan": 2.2178030014038086,
    "chebyshev": 1.96799635887146,
    "sqeuclidean": 2.905056953430176,
    "canberra": 2.1594536304473877,
    "mahalanobis": 2.752687931060791,
    "cosine": 2.1891026496887207,
    "pearson": 1.7570843696594238,
    "lorentzian": 3961.4398231506348,
    "divergence": 4389.530483961105,
    "hamming": 4282.672039985657,
    "eskin": 4479.380963087082,
    "iof": 3967.30281829834,
    "of": 3920.663019180298,
    "co-oc": 3969.8144221305847,
    "dilca": 3831.133901834488,
    "jaccard": 2.9192311763763428,
    "dice": 2.8372998237609863,
    "kulsinski": 3.289900541305542,
    "rogerstanimoto": 2.2482683658599854,
    "russellrao": 2.424267292022705,
    "sokalmichener": 2.387648820877075,
    "sokalsneath": 2.614173412322998
}