{
    "euclidean": 2.906285285949707,
    "manhattan": 2.4398434162139893,
    "chebyshev": 2.518043279647827,
    "sqeuclidean": 4.294540166854858,
    "canberra": 2.7270829677581787,
    "mahalanobis": 4.331595182418823,
    "cosine": 2.4877357482910156,
    "pearson": 2.4784109592437744,
    "lorentzian": 6485.130440711975,
    "divergence": 6524.689254522324,
    "hamming": 6721.980149745941,
    "eskin": 6638.773893594742,
    "iof": 6568.8349232673645,
    "of": 6593.982286453247,
    "co-oc": 6567.371624469757,
    "dilca": 6150.29172873497,
    "jaccard": 3.0468239784240723,
    "dice": 2.821624755859375,
    "kulsinski": 2.813950777053833,
    "rogerstanimoto": 2.297940492630005,
    "russellrao": 2.4231514930725098,
    "sokalmichener": 2.562699794769287,
    "sokalsneath": 2.81636118888855
}