{
    "euclidean": 0.6047046184539795,
    "manhattan": 0.37189364433288574,
    "chebyshev": 0.38396692276000977,
    "sqeuclidean": 0.5902175903320312,
    "canberra": 0.4017190933227539,
    "mahalanobis": 0.48795199394226074,
    "cosine": 0.5602855682373047,
    "pearson": 0.3796732425689697,
    "lorentzian": 403.6822888851166,
    "divergence": 415.12957310676575,
    "hamming": 360.39026737213135,
    "eskin": 382.33865571022034,
    "iof": 361.3454852104187,
    "of": 369.79566955566406,
    "co-oc": 366.2620458602905,
    "dilca": 361.5207691192627,
    "jaccard": 0.436842679977417,
    "dice": 0.41995739936828613,
    "kulsinski": 0.4498014450073242,
    "rogerstanimoto": 0.3959534168243408,
    "russellrao": 0.4239344596862793,
    "sokalmichener": 0.42798280715942383,
    "sokalsneath": 0.4319286346435547
}