{
    "euclidean": 4.2734363079071045,
    "manhattan": 3.2948925495147705,
    "chebyshev": 3.323657989501953,
    "sqeuclidean": 5.247373819351196,
    "canberra": 3.6444036960601807,
    "mahalanobis": 7.671541690826416,
    "cosine": 5.0087666511535645,
    "pearson": 4.311367988586426,
    "lorentzian": 8093.980375289917,
    "divergence": 9996.844013690948,
    "hamming": 6982.0343425273895,
    "eskin": 7047.370575666428,
    "iof": 7156.663208961487,
    "of": 6761.144726991653,
    "co-oc": 7003.223402738571,
    "dilca": 7033.250633239746,
    "jaccard": 2.9605066776275635,
    "dice": 2.8420350551605225,
    "kulsinski": 2.9864163398742676,
    "rogerstanimoto": 2.7764859199523926,
    "russellrao": 2.7750298976898193,
    "sokalmichener": 2.5719902515411377,
    "sokalsneath": 2.675111770629883
}