{
    "euclidean": 0.00027060508728027344,
    "manhattan": 0.026894807815551758,
    "chebyshev": 0.0274355411529541,
    "sqeuclidean": 0.0003223419189453125,
    "canberra": 0.015146493911743164,
    "mahalanobis": 0.02512526512145996,
    "cosine": 0.0004405975341796875,
    "lorentzian": 0.170668363571167,
    "divergence": 0.2093491554260254,
    "hamming": 0.14214444160461426,
    "eskin": 0.15298771858215332,
    "iof": 0.1403636932373047,
    "of": 0.14931392669677734,
    "jaccard": 0.014594554901123047,
    "dice": 0.01523733139038086,
    "kulsinski": 0.015042304992675781,
    "rogerstanimoto": 0.015032052993774414,
    "russellrao": 0.015331029891967773,
    "sokalmichener": 0.01509857177734375,
    "sokalsneath": 0.014692544937133789
}