{
    "euclidean": 0.00026154518127441406,
    "manhattan": 0.014463424682617188,
    "chebyshev": 0.015683889389038086,
    "sqeuclidean": 0.0002238750457763672,
    "canberra": 0.014763355255126953,
    "mahalanobis": 0.017084121704101562,
    "cosine": 0.0003650188446044922,
    "pearson": 0.014382123947143555,
    "lorentzian": 0.13327360153198242,
    "divergence": 0.14724278450012207,
    "hamming": 0.10921311378479004,
    "eskin": 0.12269115447998047,
    "iof": 0.11723732948303223,
    "of": 0.11511993408203125,
    "co-oc": 0.2612030506134033,
    "dilca": 0.1608140468597412,
    "jaccard": 0.014687061309814453,
    "dice": 0.01518702507019043,
    "kulsinski": 0.015300273895263672,
    "rogerstanimoto": 0.014900922775268555,
    "russellrao": 0.017251253128051758,
    "sokalmichener": 0.014845609664916992,
    "sokalsneath": 0.015119552612304688
}