{
    "euclidean": 0.0021560192108154297,
    "manhattan": 0.02835249900817871,
    "chebyshev": 0.02636551856994629,
    "sqeuclidean": 0.0012896060943603516,
    "canberra": 0.020519018173217773,
    "mahalanobis": 0.03923320770263672,
    "cosine": 0.0024552345275878906,
    "pearson": 0.02155280113220215,
    "lorentzian": 4.4077253341674805,
    "divergence": 5.035130977630615,
    "hamming": 3.972421169281006,
    "eskin": 3.888429880142212,
    "iof": 3.9647772312164307,
    "of": 4.183263778686523,
    "co-oc": 4.078365802764893,
    "dilca": 4.030791997909546,
    "jaccard": 0.014882087707519531,
    "dice": 0.017872095108032227,
    "kulsinski": 0.02619624137878418,
    "rogerstanimoto": 0.015787124633789062,
    "russellrao": 0.02620387077331543,
    "sokalmichener": 0.015065193176269531,
    "sokalsneath": 0.016619205474853516
}