{
    "euclidean": 3.9053943157196045,
    "manhattan": 2.870220899581909,
    "chebyshev": 2.8189542293548584,
    "sqeuclidean": 5.219379425048828,
    "canberra": 3.908480405807495,
    "cosine": 3.2449333667755127,
    "pearson": 2.4353179931640625,
    "lorentzian": 9254.234203577042,
    "divergence": 8803.548593521118,
    "hamming": 7140.8627071380615,
    "eskin": 7177.7187304496765,
    "iof": 7138.744115352631,
    "of": 6907.472943544388,
    "co-oc": 6568.033975362778,
    "dilca": 5561.1972806453705,
    "jaccard": 2.6119558811187744,
    "dice": 2.927358388900757,
    "kulsinski": 2.820777416229248,
    "rogerstanimoto": 2.653887987136841,
    "russellrao": 2.953126907348633,
    "sokalmichener": 2.696578025817871,
    "sokalsneath": 2.7918972969055176
}