{
    "euclidean": 0.0005297660827636719,
    "manhattan": 0.03851008415222168,
    "chebyshev": 0.01578497886657715,
    "sqeuclidean": 0.0003592967987060547,
    "canberra": 0.01572442054748535,
    "mahalanobis": 0.019530534744262695,
    "cosine": 0.0005197525024414062,
    "pearson": 0.026400327682495117,
    "lorentzian": 0.45959997177124023,
    "divergence": 0.5135719776153564,
    "hamming": 0.4063229560852051,
    "eskin": 0.3970479965209961,
    "iof": 0.39984750747680664,
    "of": 0.39731407165527344,
    "co-oc": 0.5598320960998535,
    "dilca": 0.4349513053894043,
    "jaccard": 0.014779329299926758,
    "dice": 0.015326499938964844,
    "kulsinski": 0.015081405639648438,
    "rogerstanimoto": 0.015096426010131836,
    "russellrao": 0.015057802200317383,
    "sokalmichener": 0.015141963958740234,
    "sokalsneath": 0.015014410018920898
}