{
    "euclidean": 2.455144166946411,
    "manhattan": 3.6888267993927,
    "chebyshev": 3.2892684936523438,
    "sqeuclidean": 11.634363174438477,
    "canberra": 6.035985946655273,
    "mahalanobis": 79.9619414806366,
    "cosine": 1.7107093334197998,
    "pearson": 2.0505568981170654,
    "lorentzian": 3462.941514492035,
    "divergence": 3717.362185239792,
    "hamming": 2351.996689081192,
    "eskin": 2541.0126605033875,
    "iof": 2695.734458208084,
    "of": 2537.6121413707733,
    "jaccard": 2.1774024963378906,
    "dice": 1.8654205799102783,
    "kulsinski": 1.6699376106262207,
    "rogerstanimoto": 1.6210663318634033,
    "russellrao": 2.1099941730499268,
    "sokalmichener": 1.5194835662841797,
    "sokalsneath": 1.6255862712860107
}