{
    "euclidean": 6.108846664428711,
    "manhattan": 5.5859949588775635,
    "chebyshev": 3.816221237182617,
    "sqeuclidean": 6.685953378677368,
    "canberra": 5.122370004653931,
    "mahalanobis": 5.654932498931885,
    "cosine": 6.595771551132202,
    "pearson": 2.790637969970703,
    "lorentzian": 8233.367735385895,
    "divergence": 9883.439218759537,
    "hamming": 7148.489713668823,
    "eskin": 7272.615191936493,
    "iof": 7169.991353034973,
    "of": 7070.247850418091,
    "co-oc": 7306.391583919525,
    "dilca": 7198.973918914795,
    "jaccard": 3.275493621826172,
    "dice": 3.1178081035614014,
    "kulsinski": 3.531893014907837,
    "rogerstanimoto": 2.670271635055542,
    "russellrao": 2.896038055419922,
    "sokalmichener": 3.1326544284820557,
    "sokalsneath": 3.2992897033691406
}