{
    "euclidean": 0.0035278797149658203,
    "manhattan": 0.04351234436035156,
    "chebyshev": 0.02430438995361328,
    "sqeuclidean": 0.0010333061218261719,
    "canberra": 0.030637741088867188,
    "cosine": 0.001733541488647461,
    "pearson": 0.03418469429016113,
    "lorentzian": 2.5014946460723877,
    "divergence": 3.309234142303467,
    "hamming": 2.11151385307312,
    "eskin": 2.241274118423462,
    "iof": 1.8610491752624512,
    "of": 2.1051971912384033,
    "co-oc": 2.4247169494628906,
    "dilca": 2.079585552215576,
    "jaccard": 0.042250633239746094,
    "dice": 0.04044032096862793,
    "kulsinski": 0.028225183486938477,
    "rogerstanimoto": 0.027377843856811523,
    "russellrao": 0.02449631690979004,
    "sokalmichener": 0.035733938217163086,
    "sokalsneath": 0.027579307556152344
}