{
    "euclidean": 0.0014874935150146484,
    "manhattan": 0.02529740333557129,
    "chebyshev": 0.02873539924621582,
    "sqeuclidean": 0.001283407211303711,
    "canberra": 0.028133153915405273,
    "mahalanobis": 0.0364222526550293,
    "cosine": 0.001676797866821289,
    "lorentzian": 2.5183558464050293,
    "divergence": 3.393645763397217,
    "hamming": 2.3217270374298096,
    "eskin": 2.3567423820495605,
    "iof": 2.260765314102173,
    "of": 2.528315544128418,
    "jaccard": 0.03948616981506348,
    "dice": 0.028714895248413086,
    "kulsinski": 0.04270505905151367,
    "rogerstanimoto": 0.027853965759277344,
    "russellrao": 0.02824234962463379,
    "sokalmichener": 0.03067946434020996,
    "sokalsneath": 0.025020599365234375
}