{
    "euclidean": 2.391324281692505,
    "manhattan": 1.6879687309265137,
    "chebyshev": 1.8222904205322266,
    "sqeuclidean": 2.776240825653076,
    "canberra": 1.6754004955291748,
    "mahalanobis": 1.8499586582183838,
    "cosine": 2.4933526515960693,
    "pearson": 1.756978988647461,
    "lorentzian": 2401.0450670719147,
    "divergence": 2513.6226575374603,
    "hamming": 1322.726422548294,
    "eskin": 1575.6285481452942,
    "iof": 1892.140629529953,
    "of": 1794.8623900413513,
    "co-oc": 2763.71093249321,
    "dilca": 2289.1333963871,
    "jaccard": 3.669341802597046,
    "dice": 3.5112757682800293,
    "kulsinski": 3.732614517211914,
    "rogerstanimoto": 2.734633684158325,
    "russellrao": 2.978241205215454,
    "sokalmichener": 2.767634153366089,
    "sokalsneath": 3.7612497806549072
}