{
    "euclidean": 2.435950756072998,
    "manhattan": 1.7121295928955078,
    "chebyshev": 1.8206686973571777,
    "sqeuclidean": 2.8273799419403076,
    "canberra": 1.8954458236694336,
    "mahalanobis": 2.141735553741455,
    "cosine": 2.3342747688293457,
    "pearson": 1.8016307353973389,
    "lorentzian": 2442.666427373886,
    "divergence": 2868.4921412467957,
    "hamming": 1846.539118051529,
    "eskin": 1519.0468673706055,
    "iof": 1944.7588682174683,
    "of": 1899.4235172271729,
    "co-oc": 1716.4070806503296,
    "dilca": 1814.760623216629,
    "jaccard": 1.8122639656066895,
    "dice": 1.8580737113952637,
    "kulsinski": 1.9714279174804688,
    "rogerstanimoto": 1.816563606262207,
    "russellrao": 1.7119815349578857,
    "sokalmichener": 1.764622449874878,
    "sokalsneath": 1.8268623352050781
}