{
    "euclidean": 4.975940704345703,
    "manhattan": 4.150727987289429,
    "chebyshev": 3.866889476776123,
    "sqeuclidean": 5.207770109176636,
    "canberra": 4.531919002532959,
    "mahalanobis": 7.482620477676392,
    "cosine": 4.092990875244141,
    "pearson": 3.7764768600463867,
    "lorentzian": 7788.648847579956,
    "divergence": 10008.039904594421,
    "hamming": 7420.006746530533,
    "eskin": 7367.322750091553,
    "iof": 7328.27304816246,
    "of": 7301.878873348236,
    "co-oc": 12109.164403676987,
    "dilca": 6735.054629802704,
    "jaccard": 6.275462865829468,
    "dice": 6.2368457317352295,
    "kulsinski": 5.853961229324341,
    "rogerstanimoto": 3.977019786834717,
    "russellrao": 4.272363901138306,
    "sokalmichener": 4.177459716796875,
    "sokalsneath": 6.039865016937256
}