{
    "euclidean": 0.0007481575012207031,
    "manhattan": 0.024878740310668945,
    "chebyshev": 0.02652716636657715,
    "sqeuclidean": 0.0007877349853515625,
    "canberra": 0.02495431900024414,
    "mahalanobis": 0.024361371994018555,
    "cosine": 0.0008423328399658203,
    "pearson": 0.018404006958007812,
    "lorentzian": 0.9974009990692139,
    "divergence": 1.3334789276123047,
    "hamming": 0.9012610912322998,
    "eskin": 0.8679683208465576,
    "iof": 0.9368045330047607,
    "of": 0.8836524486541748,
    "jaccard": 0.02531886100769043,
    "dice": 0.01546788215637207,
    "kulsinski": 0.016480684280395508,
    "rogerstanimoto": 0.015124797821044922,
    "russellrao": 0.030564546585083008,
    "sokalmichener": 0.015549659729003906,
    "sokalsneath": 0.01759791374206543
}