{
    "euclidean": 0.0003457069396972656,
    "manhattan": 0.014434814453125,
    "chebyshev": 0.015047073364257812,
    "sqeuclidean": 0.000293731689453125,
    "canberra": 0.01464700698852539,
    "mahalanobis": 0.016695022583007812,
    "cosine": 0.0003998279571533203,
    "lorentzian": 0.29070401191711426,
    "divergence": 0.3100581169128418,
    "hamming": 0.2633020877838135,
    "eskin": 0.2618086338043213,
    "iof": 0.26657986640930176,
    "of": 0.268657922744751,
    "co-oc": 0.25661802291870117,
    "dilca": 0.3182179927825928,
    "jaccard": 0.014673471450805664,
    "dice": 0.015179157257080078,
    "kulsinski": 0.015169143676757812,
    "rogerstanimoto": 0.015080928802490234,
    "russellrao": 0.015138387680053711,
    "sokalmichener": 0.015183687210083008,
    "sokalsneath": 0.015085220336914062
}