{
    "euclidean": 6.215295314788818,
    "manhattan": 5.527011394500732,
    "chebyshev": 2.261671304702759,
    "sqeuclidean": 4.585390567779541,
    "canberra": 5.661558151245117,
    "mahalanobis": 3.52724289894104,
    "cosine": 2.6574392318725586,
    "pearson": 2.9809365272521973,
    "lorentzian": 7939.070318698883,
    "divergence": 9861.503998279572,
    "hamming": 7159.023888349533,
    "eskin": 7063.866260051727,
    "iof": 7171.023090600967,
    "of": 6807.949746370316,
    "co-oc": 7208.179833650589,
    "dilca": 6946.696838140488,
    "jaccard": 3.158203363418579,
    "dice": 2.8885531425476074,
    "kulsinski": 2.639421224594116,
    "rogerstanimoto": 3.1079726219177246,
    "russellrao": 3.0026702880859375,
    "sokalmichener": 2.806690216064453,
    "sokalsneath": 2.5709171295166016
}