{
    "euclidean": 0.005300998687744141,
    "manhattan": 0.029522180557250977,
    "chebyshev": 0.034720659255981445,
    "sqeuclidean": 0.003451108932495117,
    "canberra": 0.02875661849975586,
    "mahalanobis": 0.03198981285095215,
    "cosine": 0.004128217697143555,
    "pearson": 0.0281221866607666,
    "lorentzian": 7.1215879917144775,
    "divergence": 8.22395920753479,
    "hamming": 6.380142688751221,
    "eskin": 6.240909576416016,
    "iof": 5.871376037597656,
    "of": 5.934435606002808,
    "jaccard": 0.021216392517089844,
    "dice": 0.029301881790161133,
    "kulsinski": 0.03683066368103027,
    "rogerstanimoto": 0.02367424964904785,
    "russellrao": 0.02558279037475586,
    "sokalmichener": 0.01631903648376465,
    "sokalsneath": 0.015703678131103516
}