{
    "euclidean": 2.6208748817443848,
    "manhattan": 1.8024437427520752,
    "chebyshev": 1.8166306018829346,
    "sqeuclidean": 2.8221232891082764,
    "canberra": 1.7479031085968018,
    "mahalanobis": 2.070718765258789,
    "cosine": 2.422196388244629,
    "lorentzian": 2310.8441479206085,
    "divergence": 2821.07227063179,
    "hamming": 2123.477946281433,
    "eskin": 2036.9425411224365,
    "iof": 2143.9148654937744,
    "of": 2132.0513966083527,
    "co-oc": 1985.748125076294,
    "dilca": 2264.176548242569,
    "jaccard": 1.856020450592041,
    "dice": 1.774169921875,
    "kulsinski": 1.802323818206787,
    "rogerstanimoto": 1.8712902069091797,
    "russellrao": 1.7519948482513428,
    "sokalmichener": 1.7847082614898682,
    "sokalsneath": 1.8588488101959229
}