{
    "euclidean": 2.672640562057495,
    "manhattan": 1.9817004203796387,
    "chebyshev": 1.7835137844085693,
    "sqeuclidean": 2.99800968170166,
    "canberra": 1.8765239715576172,
    "mahalanobis": 2.2198708057403564,
    "cosine": 2.7145721912384033,
    "pearson": 2.010530471801758,
    "lorentzian": 1997.3934569358826,
    "divergence": 2137.4619359970093,
    "hamming": 3110.090224981308,
    "eskin": 1562.1329426765442,
    "iof": 1965.3535084724426,
    "of": 1993.9804813861847,
    "co-oc": 2115.7815532684326,
    "dilca": 1657.7551248073578,
    "jaccard": 1.864408016204834,
    "dice": 1.8252813816070557,
    "kulsinski": 1.7703266143798828,
    "rogerstanimoto": 1.782071590423584,
    "russellrao": 1.8657846450805664,
    "sokalmichener": 1.7339808940887451,
    "sokalsneath": 1.8799428939819336
}