{
    "euclidean": 3.4394466876983643,
    "manhattan": 3.501476287841797,
    "chebyshev": 3.7090444564819336,
    "sqeuclidean": 9.989740133285522,
    "canberra": 7.067850351333618,
    "cosine": 4.61299204826355,
    "pearson": 3.6817712783813477,
    "lorentzian": 7941.660078048706,
    "divergence": 8775.829469442368,
    "hamming": 6944.843581438065,
    "eskin": 7336.513478755951,
    "iof": 7189.666074037552,
    "of": 7196.704669952393,
    "co-oc": 7145.237961530685,
    "dilca": 6753.107430696487,
    "jaccard": 2.9106431007385254,
    "dice": 2.940800189971924,
    "kulsinski": 2.550135612487793,
    "rogerstanimoto": 2.6872241497039795,
    "russellrao": 2.3113491535186768,
    "sokalmichener": 2.5237362384796143,
    "sokalsneath": 2.8929150104522705
}