{
    "euclidean": 5.678213357925415,
    "manhattan": 3.4493205547332764,
    "chebyshev": 2.9969379901885986,
    "sqeuclidean": 4.805851459503174,
    "canberra": 3.7592055797576904,
    "mahalanobis": 5.591216564178467,
    "cosine": 3.06404709815979,
    "pearson": 2.8972957134246826,
    "lorentzian": 7548.0601370334625,
    "divergence": 8775.672391653061,
    "hamming": 8265.497323513031,
    "eskin": 8682.018545150757,
    "iof": 8588.00447845459,
    "of": 9160.974821567535,
    "co-oc": 8972.777870416641,
    "dilca": 8192.525803089142,
    "jaccard": 3.014965772628784,
    "dice": 2.8832175731658936,
    "kulsinski": 2.8057515621185303,
    "rogerstanimoto": 2.438398838043213,
    "russellrao": 2.5782175064086914,
    "sokalmichener": 2.328396797180176,
    "sokalsneath": 3.0329205989837646
}