{
    "euclidean": 0.0023040771484375,
    "manhattan": 0.026096820831298828,
    "chebyshev": 0.02270054817199707,
    "sqeuclidean": 0.0015110969543457031,
    "canberra": 0.02658987045288086,
    "mahalanobis": 0.03292441368103027,
    "cosine": 0.0017101764678955078,
    "pearson": 0.02511310577392578,
    "lorentzian": 3.772488594055176,
    "divergence": 5.0799689292907715,
    "hamming": 3.6699767112731934,
    "eskin": 3.552788496017456,
    "iof": 3.6390528678894043,
    "of": 3.603430986404419,
    "jaccard": 0.014781951904296875,
    "dice": 0.018343687057495117,
    "kulsinski": 0.02797102928161621,
    "rogerstanimoto": 0.015044927597045898,
    "russellrao": 0.014834165573120117,
    "sokalmichener": 0.017216920852661133,
    "sokalsneath": 0.01995396614074707
}