{
    "euclidean": 0.007027626037597656,
    "manhattan": 0.03010702133178711,
    "chebyshev": 0.023622512817382812,
    "sqeuclidean": 0.0019309520721435547,
    "canberra": 0.020679950714111328,
    "mahalanobis": 0.03020501136779785,
    "cosine": 0.001995086669921875,
    "pearson": 0.020261287689208984,
    "lorentzian": 3.9632461071014404,
    "divergence": 4.82745885848999,
    "hamming": 3.3830792903900146,
    "eskin": 3.977510452270508,
    "iof": 5.226761102676392,
    "of": 5.390848875045776,
    "co-oc": 5.460063934326172,
    "dilca": 5.173511743545532,
    "jaccard": 0.034932613372802734,
    "dice": 0.03427314758300781,
    "kulsinski": 0.03629422187805176,
    "rogerstanimoto": 0.030801057815551758,
    "russellrao": 0.03247475624084473,
    "sokalmichener": 0.03176760673522949,
    "sokalsneath": 0.028411149978637695
}