{
    "euclidean": 2.453540086746216,
    "manhattan": 2.015923500061035,
    "chebyshev": 1.7675442695617676,
    "sqeuclidean": 3.103126049041748,
    "canberra": 1.782299518585205,
    "mahalanobis": 1.9982659816741943,
    "cosine": 2.4321038722991943,
    "pearson": 1.8402283191680908,
    "lorentzian": 2259.4529161453247,
    "divergence": 2604.490989923477,
    "hamming": 1983.9299099445343,
    "eskin": 2139.404189825058,
    "iof": 2184.2019147872925,
    "of": 2193.9703452587128,
    "jaccard": 1.8958892822265625,
    "dice": 1.7698912620544434,
    "kulsinski": 1.8009636402130127,
    "rogerstanimoto": 1.8411266803741455,
    "russellrao": 1.832076072692871,
    "sokalmichener": 1.7731413841247559,
    "sokalsneath": 1.8469557762145996
}