{
    "euclidean": 0.00229644775390625,
    "manhattan": 0.02988576889038086,
    "chebyshev": 0.03155064582824707,
    "sqeuclidean": 0.0019867420196533203,
    "canberra": 0.021880388259887695,
    "mahalanobis": 0.033243656158447266,
    "cosine": 0.0016384124755859375,
    "pearson": 0.019884109497070312,
    "lorentzian": 4.024515390396118,
    "divergence": 4.73597264289856,
    "hamming": 3.70375919342041,
    "eskin": 3.5773262977600098,
    "iof": 3.687155246734619,
    "of": 3.6754157543182373,
    "jaccard": 0.020566463470458984,
    "dice": 0.015246391296386719,
    "kulsinski": 0.032384634017944336,
    "rogerstanimoto": 0.03125905990600586,
    "russellrao": 0.021799087524414062,
    "sokalmichener": 0.023418664932250977,
    "sokalsneath": 0.0188143253326416
}