{
    "euclidean": 2.383390188217163,
    "manhattan": 1.7676398754119873,
    "chebyshev": 1.721691370010376,
    "sqeuclidean": 2.803130626678467,
    "canberra": 1.8091981410980225,
    "mahalanobis": 1.8399879932403564,
    "cosine": 2.245816707611084,
    "pearson": 1.7170634269714355,
    "lorentzian": 2335.942430496216,
    "divergence": 2307.124011993408,
    "hamming": 1978.5222895145416,
    "eskin": 1863.7735509872437,
    "iof": 1856.3572404384613,
    "of": 1929.8569149971008,
    "co-oc": 1900.357791185379,
    "dilca": 1747.3770713806152,
    "jaccard": 1.979933500289917,
    "dice": 1.8676881790161133,
    "kulsinski": 1.8306281566619873,
    "rogerstanimoto": 1.8253552913665771,
    "russellrao": 1.7677490711212158,
    "sokalmichener": 1.7578988075256348,
    "sokalsneath": 1.8784539699554443
}