{
    "euclidean": 5.44465970993042,
    "manhattan": 4.5776286125183105,
    "chebyshev": 5.693708896636963,
    "sqeuclidean": 5.177263498306274,
    "canberra": 3.5687122344970703,
    "mahalanobis": 5.040659189224243,
    "cosine": 5.410990238189697,
    "pearson": 5.749213695526123,
    "lorentzian": 8125.083723068237,
    "divergence": 9845.990802764893,
    "hamming": 7360.637460947037,
    "eskin": 7564.222562551498,
    "iof": 7368.947709321976,
    "of": 7438.381844520569,
    "co-oc": 7441.467069387436,
    "dilca": 7122.679922580719,
    "jaccard": 3.4658639430999756,
    "dice": 3.2310330867767334,
    "kulsinski": 3.1442699432373047,
    "rogerstanimoto": 2.9018914699554443,
    "russellrao": 3.176640510559082,
    "sokalmichener": 2.6024868488311768,
    "sokalsneath": 3.5486042499542236
}