{
    "euclidean": 3.669078826904297,
    "manhattan": 3.2533037662506104,
    "chebyshev": 2.8704581260681152,
    "sqeuclidean": 5.044804096221924,
    "canberra": 3.595280170440674,
    "mahalanobis": 4.4884467124938965,
    "cosine": 3.40409779548645,
    "pearson": 2.536106824874878,
    "lorentzian": 7745.587325334549,
    "divergence": 8692.228151082993,
    "hamming": 8432.160458087921,
    "eskin": 8519.344323635101,
    "iof": 8195.6742105484,
    "of": 8079.619273662567,
    "co-oc": 8364.306680440903,
    "dilca": 7887.512147903442,
    "jaccard": 2.940680503845215,
    "dice": 2.8878254890441895,
    "kulsinski": 2.816861391067505,
    "rogerstanimoto": 2.6582915782928467,
    "russellrao": 2.6535592079162598,
    "sokalmichener": 2.71814227104187,
    "sokalsneath": 2.6826000213623047
}