{
    "euclidean": 0.538964033126831,
    "manhattan": 0.33690404891967773,
    "chebyshev": 0.3642432689666748,
    "sqeuclidean": 0.4775736331939697,
    "canberra": 0.3422985076904297,
    "mahalanobis": 0.4476015567779541,
    "cosine": 0.4719665050506592,
    "pearson": 0.336230993270874,
    "lorentzian": 348.59948563575745,
    "divergence": 624.0061101913452,
    "hamming": 281.9185013771057,
    "eskin": 334.625949382782,
    "iof": 441.5496702194214,
    "of": 317.8089005947113,
    "jaccard": 0.32930922508239746,
    "dice": 0.3465995788574219,
    "kulsinski": 0.3236377239227295,
    "rogerstanimoto": 0.33747100830078125,
    "russellrao": 0.3384220600128174,
    "sokalmichener": 0.3414914608001709,
    "sokalsneath": 0.32403135299682617
}