{
    "euclidean": 0.07778406143188477,
    "manhattan": 0.07656598091125488,
    "chebyshev": 0.06399059295654297,
    "sqeuclidean": 0.044126272201538086,
    "canberra": 0.07126593589782715,
    "mahalanobis": 0.18069958686828613,
    "cosine": 0.10525751113891602,
    "pearson": 0.08916902542114258,
    "lorentzian": 49.811243534088135,
    "divergence": 67.50853490829468,
    "hamming": 38.146352767944336,
    "eskin": 33.82390069961548,
    "iof": 30.9412899017334,
    "of": 29.52638268470764,
    "jaccard": 0.04606437683105469,
    "dice": 0.04995274543762207,
    "kulsinski": 0.04579567909240723,
    "rogerstanimoto": 0.05158424377441406,
    "russellrao": 0.05079293251037598,
    "sokalmichener": 0.04438042640686035,
    "sokalsneath": 0.046648263931274414
}