{
    "euclidean": 0.003237009048461914,
    "manhattan": 0.032059431076049805,
    "chebyshev": 0.04002118110656738,
    "sqeuclidean": 0.0013306140899658203,
    "canberra": 0.03308296203613281,
    "mahalanobis": 0.036237239837646484,
    "cosine": 0.002057790756225586,
    "pearson": 0.025588274002075195,
    "lorentzian": 3.9588730335235596,
    "divergence": 5.070221662521362,
    "hamming": 3.0462119579315186,
    "eskin": 3.6516354084014893,
    "iof": 3.6285347938537598,
    "of": 3.4607043266296387,
    "co-oc": 3.694460391998291,
    "dilca": 3.54971981048584,
    "jaccard": 0.024298429489135742,
    "dice": 0.023241043090820312,
    "kulsinski": 0.025086641311645508,
    "rogerstanimoto": 0.02471303939819336,
    "russellrao": 0.028530597686767578,
    "sokalmichener": 0.03082442283630371,
    "sokalsneath": 0.02458810806274414
}