{
    "euclidean": 0.005602359771728516,
    "manhattan": 0.03458356857299805,
    "chebyshev": 0.02235102653503418,
    "sqeuclidean": 0.005428314208984375,
    "canberra": 0.030344724655151367,
    "mahalanobis": 0.05493354797363281,
    "cosine": 0.005113124847412109,
    "pearson": 0.03753829002380371,
    "lorentzian": 11.892134189605713,
    "divergence": 15.622917175292969,
    "hamming": 8.646084308624268,
    "eskin": 10.561616897583008,
    "iof": 10.445238828659058,
    "of": 9.859476327896118,
    "co-oc": 9.903923511505127,
    "dilca": 11.6082022190094,
    "jaccard": 0.029935359954833984,
    "dice": 0.041155099868774414,
    "kulsinski": 0.02733588218688965,
    "rogerstanimoto": 0.02414870262145996,
    "russellrao": 0.03757762908935547,
    "sokalmichener": 0.027265071868896484,
    "sokalsneath": 0.03490900993347168
}