{
    "euclidean": 0.029542207717895508,
    "manhattan": 0.09412932395935059,
    "chebyshev": 0.027150869369506836,
    "sqeuclidean": 0.019307851791381836,
    "canberra": 0.02898573875427246,
    "mahalanobis": 0.07684564590454102,
    "cosine": 0.05721640586853027,
    "pearson": 0.04910778999328613,
    "lorentzian": 55.8770055770874,
    "divergence": 51.242393016815186,
    "hamming": 40.899822473526,
    "eskin": 40.85288071632385,
    "iof": 40.14455223083496,
    "of": 39.558176040649414,
    "co-oc": 44.62970733642578,
    "dilca": 50.75154995918274,
    "jaccard": 0.028486967086791992,
    "dice": 0.030708789825439453,
    "kulsinski": 0.029033422470092773,
    "rogerstanimoto": 0.03596997261047363,
    "russellrao": 0.02341485023498535,
    "sokalmichener": 0.031006813049316406,
    "sokalsneath": 0.02462458610534668
}