{
    "euclidean": 0.0008397102355957031,
    "manhattan": 0.03194928169250488,
    "chebyshev": 0.02193760871887207,
    "sqeuclidean": 0.0006430149078369141,
    "canberra": 0.032712459564208984,
    "mahalanobis": 0.03272294998168945,
    "cosine": 0.0012195110321044922,
    "lorentzian": 0.9131171703338623,
    "divergence": 1.0285460948944092,
    "hamming": 1.087317705154419,
    "eskin": 1.0824263095855713,
    "iof": 1.1093080043792725,
    "of": 1.1671180725097656,
    "co-oc": 2.080754518508911,
    "dilca": 1.6274447441101074,
    "jaccard": 0.02194356918334961,
    "dice": 0.032521724700927734,
    "kulsinski": 0.034394264221191406,
    "rogerstanimoto": 0.026821136474609375,
    "russellrao": 0.04923653602600098,
    "sokalmichener": 0.043120384216308594,
    "sokalsneath": 0.03587222099304199
}