{
    "euclidean": 0.006180286407470703,
    "manhattan": 0.026833057403564453,
    "chebyshev": 0.030798912048339844,
    "sqeuclidean": 0.004018545150756836,
    "canberra": 0.026468992233276367,
    "mahalanobis": 0.040532827377319336,
    "cosine": 0.007725954055786133,
    "pearson": 0.031089067459106445,
    "lorentzian": 8.814499378204346,
    "divergence": 9.725613355636597,
    "hamming": 8.694924592971802,
    "eskin": 8.60746455192566,
    "iof": 8.312289953231812,
    "of": 8.443374872207642,
    "co-oc": 8.962492227554321,
    "dilca": 8.554343223571777,
    "jaccard": 0.019034385681152344,
    "dice": 0.023313522338867188,
    "kulsinski": 0.023988008499145508,
    "rogerstanimoto": 0.019460678100585938,
    "russellrao": 0.02361464500427246,
    "sokalmichener": 0.020040512084960938,
    "sokalsneath": 0.024079322814941406
}