{
    "euclidean": 0.009723663330078125,
    "manhattan": 0.020699262619018555,
    "chebyshev": 0.019566059112548828,
    "sqeuclidean": 0.008020162582397461,
    "canberra": 0.017137765884399414,
    "mahalanobis": 0.043158769607543945,
    "cosine": 0.005878925323486328,
    "pearson": 0.024932146072387695,
    "lorentzian": 18.227879285812378,
    "divergence": 23.313289880752563,
    "hamming": 16.027281522750854,
    "eskin": 15.550891399383545,
    "iof": 15.76073670387268,
    "of": 15.512687921524048,
    "co-oc": 15.583250999450684,
    "dilca": 15.65277361869812,
    "jaccard": 0.015198230743408203,
    "dice": 0.015620946884155273,
    "kulsinski": 0.017991304397583008,
    "rogerstanimoto": 0.016790151596069336,
    "russellrao": 0.015273094177246094,
    "sokalmichener": 0.01655435562133789,
    "sokalsneath": 0.015092849731445312
}