{
    "euclidean": 0.0857686996459961,
    "manhattan": 0.07269144058227539,
    "chebyshev": 0.051455020904541016,
    "sqeuclidean": 0.024085521697998047,
    "canberra": 0.11882400512695312,
    "mahalanobis": 0.06866168975830078,
    "cosine": 0.04851508140563965,
    "pearson": 0.14141559600830078,
    "lorentzian": 26.668381929397583,
    "divergence": 32.87496471405029,
    "hamming": 25.686546802520752,
    "eskin": 26.71155285835266,
    "iof": 26.10202670097351,
    "of": 25.753114938735962,
    "co-oc": 27.691733837127686,
    "dilca": 26.55306601524353,
    "jaccard": 0.04721856117248535,
    "dice": 0.04927825927734375,
    "kulsinski": 0.0453951358795166,
    "rogerstanimoto": 0.04454326629638672,
    "russellrao": 0.045447587966918945,
    "sokalmichener": 0.04358196258544922,
    "sokalsneath": 0.04404258728027344
}