{
    "euclidean": 0.25775742530822754,
    "manhattan": 0.8066496849060059,
    "chebyshev": 0.6086504459381104,
    "sqeuclidean": 2.0802788734436035,
    "canberra": 1.3337929248809814,
    "mahalanobis": 37.01276969909668,
    "cosine": 0.25891828536987305,
    "pearson": 0.49924206733703613,
    "lorentzian": 480.67954659461975,
    "divergence": 573.0594103336334,
    "hamming": 359.1662452220917,
    "eskin": 372.05914425849915,
    "iof": 378.86496138572693,
    "of": 384.5918710231781,
    "co-oc": 378.7275912761688,
    "dilca": 360.6625602245331,
    "jaccard": 0.32839107513427734,
    "dice": 0.29692769050598145,
    "kulsinski": 0.3105645179748535,
    "rogerstanimoto": 0.25954675674438477,
    "russellrao": 0.3364725112915039,
    "sokalmichener": 0.24925899505615234,
    "sokalsneath": 0.272843599319458
}