{
    "euclidean": 0.01578831672668457,
    "manhattan": 0.08770298957824707,
    "chebyshev": 0.024243593215942383,
    "sqeuclidean": 0.020856857299804688,
    "canberra": 0.022257328033447266,
    "mahalanobis": 0.2607991695404053,
    "cosine": 0.012970924377441406,
    "pearson": 0.04205179214477539,
    "lorentzian": 6.61093544960022,
    "divergence": 9.794784307479858,
    "hamming": 7.496498107910156,
    "eskin": 7.569300889968872,
    "iof": 7.704789876937866,
    "of": 7.633838415145874,
    "jaccard": 0.03888845443725586,
    "dice": 0.027356624603271484,
    "kulsinski": 0.03174734115600586,
    "rogerstanimoto": 0.02994227409362793,
    "russellrao": 0.026326417922973633,
    "sokalmichener": 0.027740478515625,
    "sokalsneath": 0.03260993957519531
}