{
    "euclidean": 0.00034332275390625,
    "manhattan": 0.02565741539001465,
    "chebyshev": 0.02474808692932129,
    "sqeuclidean": 0.0003590583801269531,
    "canberra": 0.014708995819091797,
    "mahalanobis": 0.0168149471282959,
    "cosine": 0.0004372596740722656,
    "pearson": 0.01448822021484375,
    "lorentzian": 0.2500736713409424,
    "divergence": 0.2808806896209717,
    "hamming": 0.2027454376220703,
    "eskin": 0.20841407775878906,
    "iof": 0.19994854927062988,
    "of": 0.2017221450805664,
    "co-oc": 0.5819706916809082,
    "dilca": 0.2653200626373291,
    "jaccard": 0.014564037322998047,
    "dice": 0.01531362533569336,
    "kulsinski": 0.01514124870300293,
    "rogerstanimoto": 0.014875411987304688,
    "russellrao": 0.015098094940185547,
    "sokalmichener": 0.015278100967407227,
    "sokalsneath": 0.014990568161010742
}