{
    "euclidean": 0.0006079673767089844,
    "manhattan": 0.026861906051635742,
    "chebyshev": 0.027201414108276367,
    "sqeuclidean": 0.00043392181396484375,
    "canberra": 0.01496744155883789,
    "mahalanobis": 0.021234512329101562,
    "cosine": 0.0005407333374023438,
    "lorentzian": 0.5008697509765625,
    "divergence": 0.5926740169525146,
    "hamming": 0.4295220375061035,
    "eskin": 0.42226648330688477,
    "iof": 0.42159128189086914,
    "of": 0.4198799133300781,
    "co-oc": 0.5278115272521973,
    "dilca": 0.469804048538208,
    "jaccard": 0.014764547348022461,
    "dice": 0.014979362487792969,
    "kulsinski": 0.015326738357543945,
    "rogerstanimoto": 0.014968395233154297,
    "russellrao": 0.014749526977539062,
    "sokalmichener": 0.015012264251708984,
    "sokalsneath": 0.014875411987304688
}