{
    "euclidean": 0.0005135536193847656,
    "manhattan": 0.02744889259338379,
    "chebyshev": 0.023446321487426758,
    "sqeuclidean": 0.0005946159362792969,
    "canberra": 0.018631696701049805,
    "mahalanobis": 0.020386695861816406,
    "cosine": 0.0008618831634521484,
    "pearson": 0.018529176712036133,
    "lorentzian": 0.05277371406555176,
    "divergence": 0.05410623550415039,
    "hamming": 0.04875636100769043,
    "eskin": 0.049096107482910156,
    "iof": 0.037125349044799805,
    "of": 0.04253578186035156,
    "jaccard": 0.014575719833374023,
    "dice": 0.015110254287719727,
    "kulsinski": 0.015097379684448242,
    "rogerstanimoto": 0.01515650749206543,
    "russellrao": 0.015183210372924805,
    "sokalmichener": 0.014966964721679688,
    "sokalsneath": 0.014851570129394531
}