{
    "euclidean": 0.0002129077911376953,
    "manhattan": 0.023740530014038086,
    "chebyshev": 0.03175711631774902,
    "sqeuclidean": 0.00030350685119628906,
    "canberra": 0.021595001220703125,
    "mahalanobis": 0.019572973251342773,
    "cosine": 0.00045228004455566406,
    "pearson": 0.01715254783630371,
    "lorentzian": 0.06989622116088867,
    "divergence": 0.08623123168945312,
    "hamming": 0.06383991241455078,
    "eskin": 0.06569242477416992,
    "iof": 0.06479978561401367,
    "of": 0.06354641914367676,
    "co-oc": 0.08325624465942383,
    "dilca": 0.06736087799072266,
    "jaccard": 0.01450204849243164,
    "dice": 0.015014410018920898,
    "kulsinski": 0.0151519775390625,
    "rogerstanimoto": 0.015043973922729492,
    "russellrao": 0.014876604080200195,
    "sokalmichener": 0.015925884246826172,
    "sokalsneath": 0.015107154846191406
}