{
    "euclidean": 0.0002484321594238281,
    "manhattan": 0.014518022537231445,
    "chebyshev": 0.015274286270141602,
    "sqeuclidean": 0.00025725364685058594,
    "canberra": 0.015152454376220703,
    "mahalanobis": 0.016757488250732422,
    "cosine": 0.0005528926849365234,
    "pearson": 0.014599323272705078,
    "lorentzian": 0.05750894546508789,
    "divergence": 0.07177567481994629,
    "hamming": 0.04947853088378906,
    "eskin": 0.0574038028717041,
    "iof": 0.05058693885803223,
    "of": 0.04961085319519043,
    "co-oc": 0.06371903419494629,
    "dilca": 0.05614018440246582,
    "jaccard": 0.014303207397460938,
    "dice": 0.015021324157714844,
    "kulsinski": 0.01708221435546875,
    "rogerstanimoto": 0.015167474746704102,
    "russellrao": 0.01545262336730957,
    "sokalmichener": 0.014820098876953125,
    "sokalsneath": 0.014882326126098633
}