{
    "euclidean": 0.0004558563232421875,
    "manhattan": 0.024708271026611328,
    "chebyshev": 0.03047776222229004,
    "sqeuclidean": 0.0003674030303955078,
    "canberra": 0.023473262786865234,
    "mahalanobis": 0.0251007080078125,
    "cosine": 0.0008196830749511719,
    "pearson": 0.021796703338623047,
    "lorentzian": 0.10919594764709473,
    "divergence": 0.12663006782531738,
    "hamming": 0.08556866645812988,
    "eskin": 0.09202742576599121,
    "iof": 0.09180140495300293,
    "of": 0.08490443229675293,
    "co-oc": 0.09792089462280273,
    "dilca": 0.08562541007995605,
    "jaccard": 0.014508962631225586,
    "dice": 0.014705896377563477,
    "kulsinski": 0.015067100524902344,
    "rogerstanimoto": 0.014901399612426758,
    "russellrao": 0.023311138153076172,
    "sokalmichener": 0.015480995178222656,
    "sokalsneath": 0.015677452087402344
}