{
    "euclidean": 0.00024628639221191406,
    "manhattan": 0.014289379119873047,
    "chebyshev": 0.01502084732055664,
    "sqeuclidean": 0.00019693374633789062,
    "canberra": 0.014455080032348633,
    "mahalanobis": 0.03950643539428711,
    "cosine": 0.00036716461181640625,
    "pearson": 0.014224052429199219,
    "lorentzian": 0.06461834907531738,
    "divergence": 0.08412718772888184,
    "hamming": 0.08404803276062012,
    "eskin": 0.07999324798583984,
    "iof": 0.08195829391479492,
    "of": 0.08204460144042969,
    "co-oc": 0.07260394096374512,
    "dilca": 0.05980563163757324,
    "jaccard": 0.014312744140625,
    "dice": 0.01491546630859375,
    "kulsinski": 0.015089035034179688,
    "rogerstanimoto": 0.015018939971923828,
    "russellrao": 0.018959522247314453,
    "sokalmichener": 0.014915227890014648,
    "sokalsneath": 0.014920473098754883
}