{
    "euclidean": 0.001237630844116211,
    "manhattan": 0.014763355255126953,
    "chebyshev": 0.01492619514465332,
    "sqeuclidean": 0.0008509159088134766,
    "canberra": 0.01677703857421875,
    "mahalanobis": 0.019029617309570312,
    "cosine": 0.0010411739349365234,
    "lorentzian": 2.249936819076538,
    "divergence": 3.2968151569366455,
    "hamming": 4.092102527618408,
    "eskin": 4.317053556442261,
    "iof": 4.566325664520264,
    "of": 4.452537775039673,
    "co-oc": 6.601420640945435,
    "dilca": 6.025970935821533,
    "jaccard": 0.03082895278930664,
    "dice": 0.03406667709350586,
    "kulsinski": 0.043792009353637695,
    "rogerstanimoto": 0.03500652313232422,
    "russellrao": 0.0288999080657959,
    "sokalmichener": 0.03156566619873047,
    "sokalsneath": 0.03177785873413086
}