{
    "euclidean": 0.45111942291259766,
    "manhattan": 0.2688443660736084,
    "chebyshev": 0.2608623504638672,
    "sqeuclidean": 0.3939213752746582,
    "canberra": 0.28395819664001465,
    "mahalanobis": 0.4317593574523926,
    "cosine": 0.43927907943725586,
    "pearson": 0.2928614616394043,
    "lorentzian": 413.6029291152954,
    "divergence": 498.6638488769531,
    "hamming": 288.48862409591675,
    "eskin": 279.05926632881165,
    "iof": 285.900830745697,
    "of": 273.5716600418091,
    "co-oc": 262.24097752571106,
    "dilca": 255.90490913391113,
    "jaccard": 0.31771278381347656,
    "dice": 0.3083779811859131,
    "kulsinski": 0.2867109775543213,
    "rogerstanimoto": 0.28306055068969727,
    "russellrao": 0.3134622573852539,
    "sokalmichener": 0.2885434627532959,
    "sokalsneath": 0.2915794849395752
}