{
    "euclidean": 0.27029967308044434,
    "manhattan": 0.15828728675842285,
    "chebyshev": 0.16281843185424805,
    "sqeuclidean": 0.207977294921875,
    "canberra": 0.1654353141784668,
    "mahalanobis": 0.21994280815124512,
    "cosine": 0.21819424629211426,
    "pearson": 0.18030357360839844,
    "lorentzian": 148.1264889240265,
    "divergence": 164.21988725662231,
    "hamming": 183.31068468093872,
    "eskin": 196.05968832969666,
    "iof": 207.0005567073822,
    "of": 221.62449145317078,
    "co-oc": 223.48158025741577,
    "dilca": 196.7654721736908,
    "jaccard": 0.18964433670043945,
    "dice": 0.18059253692626953,
    "kulsinski": 0.18794560432434082,
    "rogerstanimoto": 0.19456195831298828,
    "russellrao": 0.18941569328308105,
    "sokalmichener": 0.1812283992767334,
    "sokalsneath": 0.1911332607269287
}