{
    "euclidean": 0.2969067096710205,
    "manhattan": 0.17860770225524902,
    "chebyshev": 0.169952392578125,
    "sqeuclidean": 0.21529722213745117,
    "canberra": 0.17196440696716309,
    "mahalanobis": 0.20798373222351074,
    "cosine": 0.24460411071777344,
    "pearson": 0.17550230026245117,
    "lorentzian": 173.85852241516113,
    "divergence": 172.19120621681213,
    "hamming": 151.94114518165588,
    "eskin": 137.71158051490784,
    "iof": 143.52056527137756,
    "of": 139.13133668899536,
    "co-oc": 156.39309191703796,
    "dilca": 180.5473494529724,
    "jaccard": 0.16453838348388672,
    "dice": 0.17153024673461914,
    "kulsinski": 0.16167116165161133,
    "rogerstanimoto": 0.16248440742492676,
    "russellrao": 0.18534374237060547,
    "sokalmichener": 0.16797542572021484,
    "sokalsneath": 0.17996692657470703
}