{
    "euclidean": 0.2919626235961914,
    "manhattan": 0.19812798500061035,
    "chebyshev": 0.16141128540039062,
    "sqeuclidean": 0.21855545043945312,
    "canberra": 0.16642999649047852,
    "mahalanobis": 0.21752142906188965,
    "cosine": 0.23993182182312012,
    "pearson": 0.17700457572937012,
    "lorentzian": 150.51973628997803,
    "divergence": 165.29476189613342,
    "hamming": 139.88165855407715,
    "eskin": 139.0343050956726,
    "iof": 140.74381589889526,
    "of": 139.89357161521912,
    "co-oc": 140.5029375553131,
    "dilca": 142.5879933834076,
    "jaccard": 0.18201708793640137,
    "dice": 0.18438410758972168,
    "kulsinski": 0.17809748649597168,
    "rogerstanimoto": 0.1706535816192627,
    "russellrao": 0.17752861976623535,
    "sokalmichener": 0.16731882095336914,
    "sokalsneath": 0.16920089721679688
}