{
    "euclidean": 0.22996997833251953,
    "manhattan": 0.16996979713439941,
    "chebyshev": 0.16324830055236816,
    "sqeuclidean": 0.22797346115112305,
    "canberra": 0.16871142387390137,
    "mahalanobis": 0.18997883796691895,
    "cosine": 0.2172386646270752,
    "pearson": 0.17271900177001953,
    "lorentzian": 145.13513112068176,
    "divergence": 180.96575379371643,
    "hamming": 193.87612056732178,
    "eskin": 199.6809799671173,
    "iof": 222.6616678237915,
    "of": 221.4482855796814,
    "co-oc": 205.21340107917786,
    "dilca": 166.65799808502197,
    "jaccard": 0.18219518661499023,
    "dice": 0.2275679111480713,
    "kulsinski": 0.1859731674194336,
    "rogerstanimoto": 0.23996734619140625,
    "russellrao": 0.18930482864379883,
    "sokalmichener": 0.19060015678405762,
    "sokalsneath": 0.18133187294006348
}