{
    "euclidean": 0.27343153953552246,
    "manhattan": 0.18514132499694824,
    "chebyshev": 0.1813185214996338,
    "sqeuclidean": 0.21996617317199707,
    "canberra": 0.1659843921661377,
    "mahalanobis": 0.23659634590148926,
    "cosine": 0.2573049068450928,
    "pearson": 0.18137097358703613,
    "lorentzian": 166.12384128570557,
    "divergence": 172.22429966926575,
    "hamming": 144.08179712295532,
    "eskin": 136.6966745853424,
    "iof": 139.32747983932495,
    "of": 139.36252212524414,
    "co-oc": 137.63688278198242,
    "dilca": 136.87747192382812,
    "jaccard": 0.17234230041503906,
    "dice": 0.18334054946899414,
    "kulsinski": 0.18579816818237305,
    "rogerstanimoto": 0.17576956748962402,
    "russellrao": 0.18400979042053223,
    "sokalmichener": 0.1719677448272705,
    "sokalsneath": 0.16470670700073242
}