{
    "euclidean": 2.524451732635498,
    "manhattan": 2.590670347213745,
    "chebyshev": 2.629887580871582,
    "sqeuclidean": 7.913949012756348,
    "canberra": 4.632657527923584,
    "mahalanobis": 18.932331323623657,
    "cosine": 2.4869465827941895,
    "pearson": 2.5943448543548584,
    "lorentzian": 5402.099005222321,
    "divergence": 6230.24844288826,
    "hamming": 6859.297171354294,
    "eskin": 6859.218085050583,
    "iof": 6813.137313842773,
    "of": 6592.645107746124,
    "co-oc": 13648.367089271545,
    "dilca": 7374.0168669223785,
    "jaccard": 3.3724710941314697,
    "dice": 3.261317729949951,
    "kulsinski": 3.395716667175293,
    "rogerstanimoto": 2.4311606884002686,
    "russellrao": 2.702486991882324,
    "sokalmichener": 2.5627310276031494,
    "sokalsneath": 3.318232774734497
}