{
    "euclidean": 0.001994609832763672,
    "manhattan": 0.026870012283325195,
    "chebyshev": 0.025619983673095703,
    "sqeuclidean": 0.002198457717895508,
    "canberra": 0.02737593650817871,
    "mahalanobis": 0.03963351249694824,
    "cosine": 0.002740144729614258,
    "pearson": 0.038474082946777344,
    "lorentzian": 5.210764169692993,
    "divergence": 6.557935476303101,
    "hamming": 4.931785821914673,
    "eskin": 5.0401740074157715,
    "iof": 5.211836576461792,
    "of": 5.1049463748931885,
    "co-oc": 7.944126844406128,
    "dilca": 6.50722336769104,
    "jaccard": 0.02197408676147461,
    "dice": 0.030639171600341797,
    "kulsinski": 0.03475761413574219,
    "rogerstanimoto": 0.02909564971923828,
    "russellrao": 0.027980804443359375,
    "sokalmichener": 0.035010576248168945,
    "sokalsneath": 0.03605794906616211
}