{
    "euclidean": 4.395453929901123,
    "manhattan": 3.9658567905426025,
    "chebyshev": 3.6758134365081787,
    "sqeuclidean": 6.403593063354492,
    "canberra": 6.559937477111816,
    "mahalanobis": 6.655973672866821,
    "cosine": 5.394794225692749,
    "pearson": 2.995490312576294,
    "lorentzian": 8049.155924081802,
    "divergence": 9930.891861915588,
    "hamming": 7316.082260131836,
    "eskin": 7483.80056810379,
    "iof": 7618.361598968506,
    "of": 7565.386291742325,
    "co-oc": 7287.6287586688995,
    "dilca": 7122.862798690796,
    "jaccard": 3.0532383918762207,
    "dice": 3.194330930709839,
    "kulsinski": 3.103276014328003,
    "rogerstanimoto": 2.5822360515594482,
    "russellrao": 3.191596269607544,
    "sokalmichener": 2.7600650787353516,
    "sokalsneath": 2.993088722229004
}