{
    "euclidean": 0.5132415294647217,
    "manhattan": 0.2879598140716553,
    "chebyshev": 0.29198694229125977,
    "sqeuclidean": 0.41718602180480957,
    "canberra": 0.29877185821533203,
    "mahalanobis": 0.34798455238342285,
    "cosine": 0.40318751335144043,
    "pearson": 0.299314022064209,
    "lorentzian": 256.49002861976624,
    "divergence": 292.29930353164673,
    "hamming": 254.21942400932312,
    "eskin": 251.23137617111206,
    "iof": 242.88907504081726,
    "of": 260.3273026943207,
    "co-oc": 475.67359733581543,
    "dilca": 477.5362820625305,
    "jaccard": 0.4128305912017822,
    "dice": 0.3820805549621582,
    "kulsinski": 0.3668496608734131,
    "rogerstanimoto": 0.41510677337646484,
    "russellrao": 0.42914676666259766,
    "sokalmichener": 0.3907649517059326,
    "sokalsneath": 0.37375617027282715
}