{
    "euclidean": 0.6865355968475342,
    "manhattan": 0.5121843814849854,
    "chebyshev": 0.4879615306854248,
    "sqeuclidean": 0.9998049736022949,
    "canberra": 0.5899665355682373,
    "mahalanobis": 0.6399765014648438,
    "cosine": 0.7004585266113281,
    "pearson": 0.545403242111206,
    "lorentzian": 683.3833825588226,
    "divergence": 641.1877112388611,
    "hamming": 434.71690702438354,
    "eskin": 408.7780559062958,
    "iof": 500.2223415374756,
    "of": 537.8288199901581,
    "co-oc": 416.79532957077026,
    "dilca": 401.0931260585785,
    "jaccard": 0.45711684226989746,
    "dice": 0.46194958686828613,
    "kulsinski": 0.46201038360595703,
    "rogerstanimoto": 0.47197914123535156,
    "russellrao": 0.4752533435821533,
    "sokalmichener": 0.4686703681945801,
    "sokalsneath": 0.45136189460754395
}