{
    "euclidean": 0.002122163772583008,
    "manhattan": 0.03247332572937012,
    "chebyshev": 0.03402972221374512,
    "sqeuclidean": 0.0015759468078613281,
    "canberra": 0.03783249855041504,
    "mahalanobis": 0.04932856559753418,
    "cosine": 0.0021767616271972656,
    "pearson": 0.04020977020263672,
    "lorentzian": 4.148515939712524,
    "divergence": 5.181361198425293,
    "hamming": 3.6020731925964355,
    "eskin": 4.055900573730469,
    "iof": 3.7499217987060547,
    "of": 3.7720117568969727,
    "jaccard": 0.027669429779052734,
    "dice": 0.025699853897094727,
    "kulsinski": 0.02972245216369629,
    "rogerstanimoto": 0.027950525283813477,
    "russellrao": 0.027494430541992188,
    "sokalmichener": 0.02796030044555664,
    "sokalsneath": 0.02780437469482422
}