{
    "euclidean": 0.5141644477844238,
    "manhattan": 0.35782670974731445,
    "chebyshev": 0.3598964214324951,
    "sqeuclidean": 0.5280017852783203,
    "canberra": 0.3999173641204834,
    "mahalanobis": 0.4190371036529541,
    "cosine": 0.4288332462310791,
    "pearson": 0.3239438533782959,
    "lorentzian": 406.859050989151,
    "divergence": 565.3148784637451,
    "hamming": 482.232088804245,
    "eskin": 480.9974811077118,
    "iof": 405.1589159965515,
    "of": 247.33329820632935,
    "co-oc": 271.27630066871643,
    "dilca": 250.13384652137756,
    "jaccard": 0.32002854347229004,
    "dice": 0.3150792121887207,
    "kulsinski": 0.31087636947631836,
    "rogerstanimoto": 0.3025224208831787,
    "russellrao": 0.3304421901702881,
    "sokalmichener": 0.29996514320373535,
    "sokalsneath": 0.31444501876831055
}