{
    "euclidean": 0.4324350357055664,
    "manhattan": 0.2929551601409912,
    "chebyshev": 0.28699636459350586,
    "sqeuclidean": 0.4449789524078369,
    "canberra": 0.29996347427368164,
    "mahalanobis": 0.3449897766113281,
    "cosine": 0.3989882469177246,
    "pearson": 0.29234957695007324,
    "lorentzian": 252.72566771507263,
    "divergence": 289.37338519096375,
    "hamming": 252.5303099155426,
    "eskin": 251.47055387496948,
    "iof": 255.6007924079895,
    "of": 253.62610626220703,
    "co-oc": 245.61537837982178,
    "dilca": 245.3659029006958,
    "jaccard": 0.3024890422821045,
    "dice": 0.31058311462402344,
    "kulsinski": 0.2999691963195801,
    "rogerstanimoto": 0.30090880393981934,
    "russellrao": 0.3199629783630371,
    "sokalmichener": 0.29502296447753906,
    "sokalsneath": 0.31922459602355957
}