{
    "euclidean": 0.001116037368774414,
    "manhattan": 0.025963544845581055,
    "chebyshev": 0.025235891342163086,
    "sqeuclidean": 0.0008995532989501953,
    "canberra": 0.02584218978881836,
    "mahalanobis": 0.030559539794921875,
    "cosine": 0.001008749008178711,
    "pearson": 0.015694618225097656,
    "lorentzian": 1.928670883178711,
    "divergence": 2.1245837211608887,
    "hamming": 1.8124332427978516,
    "eskin": 1.7456185817718506,
    "iof": 1.662187099456787,
    "of": 1.7291653156280518,
    "co-oc": 1.612532138824463,
    "dilca": 1.7277522087097168,
    "jaccard": 0.015011072158813477,
    "dice": 0.015657901763916016,
    "kulsinski": 0.02592158317565918,
    "rogerstanimoto": 0.022615671157836914,
    "russellrao": 0.015211105346679688,
    "sokalmichener": 0.016906261444091797,
    "sokalsneath": 0.019812345504760742
}