{
    "euclidean": 0.46832919120788574,
    "manhattan": 0.4574272632598877,
    "chebyshev": 0.3755049705505371,
    "sqeuclidean": 0.5379576683044434,
    "canberra": 0.3828437328338623,
    "mahalanobis": 0.4967052936553955,
    "cosine": 0.43720102310180664,
    "lorentzian": 865.7278001308441,
    "divergence": 814.7714550495148,
    "hamming": 12281.078022241592,
    "eskin": 14129.44805264473,
    "iof": 14545.237560272217,
    "of": 13332.429751634598,
    "co-oc": 18850.745603322983,
    "dilca": 19617.527860164642,
    "jaccard": 3.037951707839966,
    "dice": 1.8751966953277588,
    "kulsinski": 1.9645476341247559,
    "rogerstanimoto": 1.1382484436035156,
    "russellrao": 1.1890521049499512,
    "sokalmichener": 1.1613941192626953,
    "sokalsneath": 1.8674473762512207
}