{
    "euclidean": 0.005964517593383789,
    "manhattan": 0.044248104095458984,
    "chebyshev": 0.03134608268737793,
    "sqeuclidean": 0.004075527191162109,
    "canberra": 0.027080535888671875,
    "mahalanobis": 0.04223275184631348,
    "cosine": 0.010775327682495117,
    "pearson": 0.034952640533447266,
    "lorentzian": 13.512109994888306,
    "divergence": 16.040078163146973,
    "hamming": 8.700160026550293,
    "eskin": 9.291396379470825,
    "iof": 9.269621133804321,
    "of": 9.1643967628479,
    "co-oc": 9.720116376876831,
    "dilca": 9.237251996994019,
    "jaccard": 0.025257587432861328,
    "dice": 0.024975061416625977,
    "kulsinski": 0.027199983596801758,
    "rogerstanimoto": 0.027917861938476562,
    "russellrao": 0.02791428565979004,
    "sokalmichener": 0.031624555587768555,
    "sokalsneath": 0.02077960968017578
}