{
    "euclidean": 0.2075817584991455,
    "manhattan": 0.1306896209716797,
    "chebyshev": 0.1162714958190918,
    "sqeuclidean": 0.1719682216644287,
    "canberra": 0.13769292831420898,
    "cosine": 0.19322586059570312,
    "pearson": 0.12497758865356445,
    "lorentzian": 140.48732686042786,
    "divergence": 183.51019048690796,
    "hamming": 173.36203360557556,
    "eskin": 175.2046661376953,
    "iof": 159.76520562171936,
    "of": 119.48547196388245,
    "co-oc": 115.7476282119751,
    "dilca": 116.19204568862915,
    "jaccard": 0.14968371391296387,
    "dice": 0.16413354873657227,
    "kulsinski": 0.15339875221252441,
    "rogerstanimoto": 0.12244510650634766,
    "russellrao": 0.1582319736480713,
    "sokalmichener": 0.154754638671875,
    "sokalsneath": 0.15497803688049316
}