{
    "euclidean": 0.8508477210998535,
    "manhattan": 0.6548099517822266,
    "chebyshev": 0.8967792987823486,
    "sqeuclidean": 1.2630767822265625,
    "canberra": 0.9054758548736572,
    "cosine": 0.7708637714385986,
    "pearson": 0.9334819316864014,
    "lorentzian": 1566.0939738750458,
    "divergence": 1701.9784157276154,
    "hamming": 1725.7233300209045,
    "eskin": 1641.9107806682587,
    "iof": 1624.6768777370453,
    "of": 1864.9094738960266,
    "co-oc": 1741.88729596138,
    "dilca": 1601.7569217681885,
    "jaccard": 0.9251840114593506,
    "dice": 1.010624647140503,
    "kulsinski": 0.9800987243652344,
    "rogerstanimoto": 0.7840919494628906,
    "russellrao": 0.8535668849945068,
    "sokalmichener": 0.7764759063720703,
    "sokalsneath": 0.9144191741943359
}