{
    "euclidean": 0.8968842029571533,
    "manhattan": 0.8121669292449951,
    "chebyshev": 0.675429105758667,
    "sqeuclidean": 1.0294511318206787,
    "canberra": 0.8102333545684814,
    "cosine": 0.8700881004333496,
    "pearson": 0.6501455307006836,
    "lorentzian": 1755.2752223014832,
    "divergence": 1973.4729566574097,
    "hamming": 1961.3633768558502,
    "eskin": 1913.7731590270996,
    "iof": 1887.7529096603394,
    "of": 1989.154793024063,
    "co-oc": 1802.740784406662,
    "dilca": 1745.6784625053406,
    "jaccard": 0.9324483871459961,
    "dice": 0.9958016872406006,
    "kulsinski": 0.8888571262359619,
    "rogerstanimoto": 0.8573567867279053,
    "russellrao": 0.8466203212738037,
    "sokalmichener": 0.8633255958557129,
    "sokalsneath": 0.9219276905059814
}