{
    "euclidean": 0.18660569190979004,
    "manhattan": 0.14247632026672363,
    "chebyshev": 0.14044928550720215,
    "sqeuclidean": 0.1610107421875,
    "canberra": 0.16920828819274902,
    "mahalanobis": 0.26969408988952637,
    "cosine": 0.19196105003356934,
    "pearson": 0.13825774192810059,
    "lorentzian": 119.25533270835876,
    "divergence": 132.30756974220276,
    "hamming": 103.66527199745178,
    "eskin": 102.21528029441833,
    "iof": 103.61865782737732,
    "of": 101.13033246994019,
    "co-oc": 102.94485569000244,
    "dilca": 105.41141772270203,
    "jaccard": 0.12833547592163086,
    "dice": 0.12513017654418945,
    "kulsinski": 0.12217378616333008,
    "rogerstanimoto": 0.17704319953918457,
    "russellrao": 0.1266312599182129,
    "sokalmichener": 0.12173032760620117,
    "sokalsneath": 0.13399505615234375
}