{
    "euclidean": 0.6848461627960205,
    "manhattan": 0.5077362060546875,
    "chebyshev": 0.49619531631469727,
    "sqeuclidean": 0.7703168392181396,
    "canberra": 0.582951545715332,
    "cosine": 0.7246980667114258,
    "pearson": 0.4002711772918701,
    "lorentzian": 1044.0835506916046,
    "divergence": 1154.977088212967,
    "hamming": 1184.0972111225128,
    "eskin": 1181.4018714427948,
    "iof": 1172.4505169391632,
    "of": 1149.0629296302795,
    "co-oc": 1136.0304381847382,
    "dilca": 1279.7863702774048,
    "jaccard": 0.4688224792480469,
    "dice": 0.4677164554595947,
    "kulsinski": 0.3956630229949951,
    "rogerstanimoto": 0.44980335235595703,
    "russellrao": 0.38410520553588867,
    "sokalmichener": 0.43051719665527344,
    "sokalsneath": 0.4457526206970215
}