{
    "euclidean": 3.623204231262207,
    "manhattan": 3.304584503173828,
    "chebyshev": 2.8760950565338135,
    "sqeuclidean": 6.613579511642456,
    "canberra": 3.5041298866271973,
    "mahalanobis": 6.059408903121948,
    "cosine": 3.765470027923584,
    "pearson": 2.975987672805786,
    "lorentzian": 7837.563981056213,
    "divergence": 8553.435061693192,
    "hamming": 7767.574235677719,
    "eskin": 7499.334720373154,
    "iof": 7955.130024194717,
    "of": 7685.550151824951,
    "co-oc": 6773.295413732529,
    "dilca": 6936.422548532486,
    "jaccard": 2.6785244941711426,
    "dice": 2.936622381210327,
    "kulsinski": 2.71537184715271,
    "rogerstanimoto": 2.925546646118164,
    "russellrao": 2.6365678310394287,
    "sokalmichener": 2.7859675884246826,
    "sokalsneath": 2.730651378631592
}