{
    "euclidean": 1.4021174907684326,
    "manhattan": 1.4741957187652588,
    "chebyshev": 0.9928662776947021,
    "sqeuclidean": 1.8580327033996582,
    "canberra": 1.65240478515625,
    "cosine": 1.3024380207061768,
    "pearson": 1.0390987396240234,
    "lorentzian": 2603.3228023052216,
    "divergence": 2738.101630926132,
    "hamming": 2808.6595945358276,
    "eskin": 3387.517125606537,
    "iof": 3325.1105432510376,
    "of": 3199.1560015678406,
    "co-oc": 2731.0974555015564,
    "dilca": 2776.1695477962494,
    "jaccard": 1.1813828945159912,
    "dice": 1.2394320964813232,
    "kulsinski": 1.2204813957214355,
    "rogerstanimoto": 1.2392659187316895,
    "russellrao": 1.3590161800384521,
    "sokalmichener": 1.338271141052246,
    "sokalsneath": 1.5574901103973389
}