{
    "euclidean": 0.8734645843505859,
    "manhattan": 0.7704873085021973,
    "chebyshev": 0.7490355968475342,
    "sqeuclidean": 1.1523394584655762,
    "canberra": 0.7820901870727539,
    "cosine": 0.7997715473175049,
    "pearson": 0.7041146755218506,
    "lorentzian": 1699.9806127548218,
    "divergence": 1942.7107923030853,
    "hamming": 1927.2976076602936,
    "eskin": 1869.2218322753906,
    "iof": 1788.6100771427155,
    "of": 1857.9037592411041,
    "co-oc": 1819.690395116806,
    "dilca": 1783.691040277481,
    "jaccard": 0.8024120330810547,
    "dice": 0.8017141819000244,
    "kulsinski": 0.8318548202514648,
    "rogerstanimoto": 0.7320723533630371,
    "russellrao": 0.7174105644226074,
    "sokalmichener": 0.7563831806182861,
    "sokalsneath": 0.806647777557373
}