{
    "euclidean": 1.5503785610198975,
    "manhattan": 1.2297029495239258,
    "chebyshev": 1.4223015308380127,
    "sqeuclidean": 2.1359026432037354,
    "canberra": 1.7069058418273926,
    "cosine": 1.8884100914001465,
    "pearson": 1.0850183963775635,
    "lorentzian": 2531.6390635967255,
    "divergence": 2653.4818012714386,
    "hamming": 2501.3033249378204,
    "eskin": 2825.591866493225,
    "iof": 2584.9421124458313,
    "of": 2741.9984769821167,
    "co-oc": 2810.52588057518,
    "dilca": 2376.046493291855,
    "jaccard": 1.5174763202667236,
    "dice": 1.6472907066345215,
    "kulsinski": 1.2469441890716553,
    "rogerstanimoto": 1.128148078918457,
    "russellrao": 1.2549009323120117,
    "sokalmichener": 1.2625303268432617,
    "sokalsneath": 1.1163067817687988
}