{
    "euclidean": 1.1574597358703613,
    "manhattan": 1.201099157333374,
    "chebyshev": 1.2697687149047852,
    "sqeuclidean": 1.8976521492004395,
    "canberra": 1.606666088104248,
    "cosine": 1.3426806926727295,
    "pearson": 1.3013741970062256,
    "lorentzian": 2780.3468749523163,
    "divergence": 3088.273026704788,
    "hamming": 2936.5254995822906,
    "eskin": 3321.867190361023,
    "iof": 3248.2309606075287,
    "of": 3184.202506542206,
    "co-oc": 2693.7770819664,
    "dilca": 2631.098998069763,
    "jaccard": 1.2492129802703857,
    "dice": 1.4349250793457031,
    "kulsinski": 1.336390733718872,
    "rogerstanimoto": 1.1588187217712402,
    "russellrao": 1.1563217639923096,
    "sokalmichener": 1.205927848815918,
    "sokalsneath": 1.2997198104858398
}