{
    "euclidean": 0.3386526107788086,
    "manhattan": 0.39727306365966797,
    "chebyshev": 0.3601841926574707,
    "sqeuclidean": 0.32773423194885254,
    "canberra": 0.4680216312408447,
    "mahalanobis": 0.5878353118896484,
    "cosine": 0.3358480930328369,
    "pearson": 0.3463742733001709,
    "lorentzian": 662.328780412674,
    "divergence": 741.2925136089325,
    "hamming": 1449.2914009094238,
    "eskin": 1449.650631427765,
    "iof": 1265.1180441379547,
    "of": 1201.6203320026398,
    "co-oc": 1278.5474905967712,
    "dilca": 1345.265947341919,
    "jaccard": 0.6826350688934326,
    "dice": 0.6090648174285889,
    "kulsinski": 0.8447978496551514,
    "rogerstanimoto": 0.5961732864379883,
    "russellrao": 0.5873551368713379,
    "sokalmichener": 0.5783321857452393,
    "sokalsneath": 0.6932833194732666
}