{
    "euclidean": 4.794003248214722,
    "manhattan": 4.518440246582031,
    "chebyshev": 5.728709697723389,
    "sqeuclidean": 6.281999349594116,
    "canberra": 4.288371801376343,
    "mahalanobis": 5.981436014175415,
    "cosine": 3.574951410293579,
    "pearson": 2.6770803928375244,
    "lorentzian": 8063.0246839523315,
    "divergence": 9572.441187858582,
    "hamming": 7196.053638935089,
    "eskin": 7273.577390670776,
    "iof": 7278.22899389267,
    "of": 7165.7261645793915,
    "co-oc": 33902.896340847015,
    "dilca": 8368.321169376373,
    "jaccard": 10.772102355957031,
    "dice": 10.387976169586182,
    "kulsinski": 10.617750644683838,
    "rogerstanimoto": 6.130239486694336,
    "russellrao": 6.856704473495483,
    "sokalmichener": 6.437411785125732,
    "sokalsneath": 10.465675592422485
}