{
    "euclidean": 1.1999754905700684,
    "manhattan": 0.1911022663116455,
    "chebyshev": 0.14536619186401367,
    "sqeuclidean": 0.20186734199523926,
    "canberra": 0.19055509567260742,
    "mahalanobis": 1.41444730758667,
    "cosine": 1.0867321491241455,
    "pearson": 0.1835176944732666,
    "lorentzian": 69.71479344367981,
    "divergence": 82.75009250640869,
    "hamming": 67.82659006118774,
    "eskin": 67.82485461235046,
    "iof": 66.63731336593628,
    "of": 69.75929355621338,
    "jaccard": 0.09687399864196777,
    "dice": 0.09200382232666016,
    "kulsinski": 0.08418607711791992,
    "rogerstanimoto": 0.08120036125183105,
    "russellrao": 0.09422063827514648,
    "sokalmichener": 0.126084566116333,
    "sokalsneath": 0.21636176109313965
}