{
    "euclidean": 0.0006625652313232422,
    "manhattan": 0.0203859806060791,
    "chebyshev": 0.025120019912719727,
    "sqeuclidean": 0.000644683837890625,
    "canberra": 0.020109176635742188,
    "mahalanobis": 0.018951416015625,
    "cosine": 0.0008056163787841797,
    "pearson": 0.015471696853637695,
    "lorentzian": 0.7182872295379639,
    "divergence": 0.903623104095459,
    "hamming": 0.5801103115081787,
    "eskin": 0.5904977321624756,
    "iof": 0.5843408107757568,
    "of": 0.5983479022979736,
    "co-oc": 0.5809834003448486,
    "dilca": 0.5746996402740479,
    "jaccard": 0.015337944030761719,
    "dice": 0.015154123306274414,
    "kulsinski": 0.01500248908996582,
    "rogerstanimoto": 0.015062570571899414,
    "russellrao": 0.015287637710571289,
    "sokalmichener": 0.014984846115112305,
    "sokalsneath": 0.015275001525878906
}