{
    "euclidean": 0.0006778240203857422,
    "manhattan": 0.02804851531982422,
    "chebyshev": 0.03227567672729492,
    "sqeuclidean": 0.000965118408203125,
    "canberra": 0.025600433349609375,
    "mahalanobis": 0.030989885330200195,
    "cosine": 0.0008425712585449219,
    "pearson": 0.029207229614257812,
    "lorentzian": 0.9511408805847168,
    "divergence": 1.2060582637786865,
    "hamming": 0.8767271041870117,
    "eskin": 0.840996503829956,
    "iof": 0.9291572570800781,
    "of": 0.917769193649292,
    "co-oc": 0.9502646923065186,
    "dilca": 0.9501903057098389,
    "jaccard": 0.023363828659057617,
    "dice": 0.019370079040527344,
    "kulsinski": 0.023542165756225586,
    "rogerstanimoto": 0.019602537155151367,
    "russellrao": 0.020169496536254883,
    "sokalmichener": 0.020830392837524414,
    "sokalsneath": 0.02005457878112793
}