{
    "euclidean": 0.0007460117340087891,
    "manhattan": 0.05135798454284668,
    "chebyshev": 0.02581477165222168,
    "sqeuclidean": 0.00081634521484375,
    "canberra": 0.030051231384277344,
    "mahalanobis": 0.033957481384277344,
    "cosine": 0.0012013912200927734,
    "pearson": 0.021834135055541992,
    "lorentzian": 0.7334089279174805,
    "divergence": 0.8527765274047852,
    "hamming": 0.7298293113708496,
    "eskin": 0.6786704063415527,
    "iof": 0.6762773990631104,
    "of": 0.6781923770904541,
    "co-oc": 0.9647526741027832,
    "dilca": 0.8763048648834229,
    "jaccard": 0.03184866905212402,
    "dice": 0.03577876091003418,
    "kulsinski": 0.017041444778442383,
    "rogerstanimoto": 0.017093420028686523,
    "russellrao": 0.0329740047454834,
    "sokalmichener": 0.0315403938293457,
    "sokalsneath": 0.03121161460876465
}