{
    "euclidean": 0.7955367565155029,
    "manhattan": 0.5117809772491455,
    "chebyshev": 0.48394131660461426,
    "sqeuclidean": 0.7802674770355225,
    "canberra": 0.519625186920166,
    "mahalanobis": 0.627964973449707,
    "cosine": 0.6780850887298584,
    "pearson": 0.5058391094207764,
    "lorentzian": 515.4492774009705,
    "divergence": 692.2535514831543,
    "hamming": 698.8708302974701,
    "eskin": 531.3849864006042,
    "iof": 468.93027210235596,
    "of": 691.6074733734131,
    "co-oc": 523.0142657756805,
    "dilca": 501.66979026794434,
    "jaccard": 0.527693510055542,
    "dice": 0.5113058090209961,
    "kulsinski": 0.519925594329834,
    "rogerstanimoto": 0.5199592113494873,
    "russellrao": 0.5819542407989502,
    "sokalmichener": 0.5519492626190186,
    "sokalsneath": 0.5279622077941895
}