{
    "euclidean": 4.816788673400879,
    "manhattan": 4.458452939987183,
    "chebyshev": 3.4149444103240967,
    "sqeuclidean": 6.177083969116211,
    "canberra": 3.6868350505828857,
    "mahalanobis": 5.764201879501343,
    "cosine": 3.712836980819702,
    "pearson": 2.84480881690979,
    "lorentzian": 7977.429819822311,
    "divergence": 9963.616792201996,
    "hamming": 7624.59663939476,
    "eskin": 7916.003729343414,
    "iof": 7750.026096343994,
    "of": 7585.703081130981,
    "co-oc": 8648.8469145298,
    "dilca": 6938.73028922081,
    "jaccard": 3.8551437854766846,
    "dice": 3.8460137844085693,
    "kulsinski": 3.693837881088257,
    "rogerstanimoto": 3.4468510150909424,
    "russellrao": 3.211073398590088,
    "sokalmichener": 3.2347402572631836,
    "sokalsneath": 3.632157564163208
}