{
    "euclidean": 6.564519882202148,
    "manhattan": 5.539021968841553,
    "chebyshev": 5.213231086730957,
    "sqeuclidean": 6.699146270751953,
    "canberra": 4.947718858718872,
    "mahalanobis": 11.647312641143799,
    "cosine": 4.563206672668457,
    "pearson": 2.9483861923217773,
    "lorentzian": 8290.906782865524,
    "divergence": 10038.785312891006,
    "hamming": 6780.662865638733,
    "eskin": 6855.452717781067,
    "iof": 6960.930826663971,
    "of": 6826.131293773651,
    "jaccard": 3.012598752975464,
    "dice": 2.688565254211426,
    "kulsinski": 3.091982841491699,
    "rogerstanimoto": 2.843390941619873,
    "russellrao": 3.5421180725097656,
    "sokalmichener": 2.7666845321655273,
    "sokalsneath": 2.7788987159729004
}