{
    "euclidean": 2.9634275436401367,
    "manhattan": 2.4586398601531982,
    "chebyshev": 2.618734836578369,
    "sqeuclidean": 4.1081860065460205,
    "canberra": 2.4107508659362793,
    "mahalanobis": 2.540501356124878,
    "cosine": 3.360402822494507,
    "lorentzian": 7998.41530251503,
    "divergence": 9863.138894796371,
    "hamming": 7402.789611339569,
    "eskin": 6524.52871966362,
    "iof": 7221.443176984787,
    "of": 6344.088193178177,
    "co-oc": 110703.67406463623,
    "dilca": 19719.171652317047,
    "jaccard": 21.372429370880127,
    "dice": 20.00209951400757,
    "kulsinski": 23.506919860839844,
    "rogerstanimoto": 12.434967756271362,
    "russellrao": 13.450523614883423,
    "sokalmichener": 11.312923192977905,
    "sokalsneath": 21.140944719314575
}