{
    "euclidean": 2.285705089569092,
    "manhattan": 1.6839568614959717,
    "chebyshev": 1.7111096382141113,
    "sqeuclidean": 2.6729352474212646,
    "canberra": 1.7439017295837402,
    "mahalanobis": 1.7852864265441895,
    "cosine": 2.205946683883667,
    "lorentzian": 2421.5909950733185,
    "divergence": 2064.889476299286,
    "hamming": 2076.433381795883,
    "eskin": 2202.1400015354156,
    "iof": 2126.5461263656616,
    "of": 2301.478427886963,
    "co-oc": 105312.39792060852,
    "dilca": 2748.80357503891,
    "jaccard": 16.162315130233765,
    "dice": 16.50469446182251,
    "kulsinski": 15.779051303863525,
    "rogerstanimoto": 9.486636877059937,
    "russellrao": 9.694643020629883,
    "sokalmichener": 9.185565948486328,
    "sokalsneath": 15.279203414916992
}