{
    "euclidean": 3.704704761505127,
    "manhattan": 5.736589670181274,
    "chebyshev": 5.593480110168457,
    "sqeuclidean": 14.385976076126099,
    "canberra": 12.049112796783447,
    "mahalanobis": 271.5269694328308,
    "cosine": 3.6496422290802,
    "pearson": 4.2410712242126465,
    "lorentzian": 8093.634885549545,
    "divergence": 10050.266526460648,
    "hamming": 6294.62358880043,
    "eskin": 5538.358722448349,
    "iof": 5282.711573123932,
    "of": 5813.461095571518,
    "jaccard": 56.09493350982666,
    "dice": 53.53862524032593,
    "kulsinski": 53.087236404418945,
    "rogerstanimoto": 32.09810733795166,
    "russellrao": 32.43224263191223,
    "sokalmichener": 31.88818335533142,
    "sokalsneath": 56.37434458732605
}