{
    "euclidean": 0.0016636848449707031,
    "manhattan": 0.02762579917907715,
    "chebyshev": 0.022800922393798828,
    "sqeuclidean": 0.0008752346038818359,
    "canberra": 0.017004013061523438,
    "mahalanobis": 0.02123546600341797,
    "cosine": 0.0010063648223876953,
    "pearson": 0.014488697052001953,
    "lorentzian": 2.1929121017456055,
    "divergence": 2.511061191558838,
    "hamming": 1.8404171466827393,
    "eskin": 1.8341186046600342,
    "iof": 1.7931554317474365,
    "of": 1.8450896739959717,
    "co-oc": 1.842839002609253,
    "dilca": 1.822727918624878,
    "jaccard": 0.015918493270874023,
    "dice": 0.016466140747070312,
    "kulsinski": 0.01614832878112793,
    "rogerstanimoto": 0.01595783233642578,
    "russellrao": 0.016026020050048828,
    "sokalmichener": 0.02043628692626953,
    "sokalsneath": 0.016229629516601562
}