{
    "euclidean": 0.010089874267578125,
    "manhattan": 0.02498149871826172,
    "chebyshev": 0.023110628128051758,
    "sqeuclidean": 0.004865407943725586,
    "canberra": 0.025483369827270508,
    "mahalanobis": 0.04055619239807129,
    "cosine": 0.0069620609283447266,
    "pearson": 0.02115178108215332,
    "lorentzian": 14.576581001281738,
    "divergence": 17.14491558074951,
    "hamming": 13.573214054107666,
    "eskin": 13.129680156707764,
    "iof": 12.92406439781189,
    "of": 13.003865242004395,
    "co-oc": 13.398291110992432,
    "dilca": 13.733906030654907,
    "jaccard": 0.017650365829467773,
    "dice": 0.015443563461303711,
    "kulsinski": 0.015299320220947266,
    "rogerstanimoto": 0.01529240608215332,
    "russellrao": 0.015186548233032227,
    "sokalmichener": 0.01534414291381836,
    "sokalsneath": 0.015282869338989258
}