{
    "euclidean": 0.002309560775756836,
    "manhattan": 0.029940128326416016,
    "chebyshev": 0.02148580551147461,
    "sqeuclidean": 0.0006783008575439453,
    "canberra": 0.01729273796081543,
    "mahalanobis": 0.023926734924316406,
    "cosine": 0.0010421276092529297,
    "lorentzian": 1.7141380310058594,
    "divergence": 2.029632568359375,
    "hamming": 1.5544254779815674,
    "eskin": 1.5814414024353027,
    "iof": 1.546543836593628,
    "of": 1.4924073219299316,
    "jaccard": 0.01482248306274414,
    "dice": 0.015156745910644531,
    "kulsinski": 0.0160672664642334,
    "rogerstanimoto": 0.015160799026489258,
    "russellrao": 0.01522517204284668,
    "sokalmichener": 0.015220403671264648,
    "sokalsneath": 0.015327930450439453
}