{
    "euclidean": 0.00313568115234375,
    "manhattan": 0.03384995460510254,
    "chebyshev": 0.03732800483703613,
    "sqeuclidean": 0.0017571449279785156,
    "canberra": 0.029962778091430664,
    "mahalanobis": 0.04024553298950195,
    "cosine": 0.0051724910736083984,
    "pearson": 0.031037569046020508,
    "lorentzian": 6.068827390670776,
    "divergence": 7.2957212924957275,
    "hamming": 5.47418999671936,
    "eskin": 5.347955226898193,
    "iof": 5.2594077587127686,
    "of": 5.475078582763672,
    "co-oc": 5.520864486694336,
    "dilca": 5.878806114196777,
    "jaccard": 0.040352821350097656,
    "dice": 0.03544974327087402,
    "kulsinski": 0.028126955032348633,
    "rogerstanimoto": 0.0391237735748291,
    "russellrao": 0.03554964065551758,
    "sokalmichener": 0.03595709800720215,
    "sokalsneath": 0.028516530990600586
}