{
    "euclidean": 0.12708306312561035,
    "manhattan": 0.06478261947631836,
    "chebyshev": 0.0516817569732666,
    "sqeuclidean": 0.05729842185974121,
    "canberra": 0.07142162322998047,
    "mahalanobis": 0.17105841636657715,
    "cosine": 0.1031496524810791,
    "pearson": 0.07277512550354004,
    "lorentzian": 52.94516587257385,
    "divergence": 56.99945688247681,
    "hamming": 45.572375774383545,
    "eskin": 48.495640993118286,
    "iof": 38.108665227890015,
    "of": 41.77322053909302,
    "co-oc": 42.265389919281006,
    "dilca": 54.881513833999634,
    "jaccard": 0.07931303977966309,
    "dice": 0.06936860084533691,
    "kulsinski": 0.10157489776611328,
    "rogerstanimoto": 0.09026932716369629,
    "russellrao": 0.07741069793701172,
    "sokalmichener": 0.09028053283691406,
    "sokalsneath": 0.07502460479736328
}