{
    "euclidean": 0.6806566715240479,
    "manhattan": 0.4206123352050781,
    "chebyshev": 0.4205026626586914,
    "sqeuclidean": 0.6987960338592529,
    "canberra": 0.5297536849975586,
    "mahalanobis": 0.6708512306213379,
    "cosine": 0.6364462375640869,
    "pearson": 0.4588432312011719,
    "lorentzian": 492.8496015071869,
    "divergence": 662.5835511684418,
    "hamming": 503.760000705719,
    "eskin": 497.5348391532898,
    "iof": 507.5850305557251,
    "of": 489.94341492652893,
    "co-oc": 515.6961557865143,
    "dilca": 544.4790532588959,
    "jaccard": 0.5880856513977051,
    "dice": 0.583423376083374,
    "kulsinski": 0.6485230922698975,
    "rogerstanimoto": 0.6834104061126709,
    "russellrao": 0.6559920310974121,
    "sokalmichener": 0.5879254341125488,
    "sokalsneath": 0.5759358406066895
}