{
    "euclidean": 2.3650259971618652,
    "manhattan": 1.7123854160308838,
    "chebyshev": 1.7232122421264648,
    "sqeuclidean": 2.8494653701782227,
    "canberra": 1.8153765201568604,
    "mahalanobis": 1.9919676780700684,
    "cosine": 2.3137130737304688,
    "pearson": 1.7262852191925049,
    "lorentzian": 2251.583048582077,
    "divergence": 2375.095099210739,
    "hamming": 2239.3201904296875,
    "eskin": 1564.5420043468475,
    "iof": 1727.8827259540558,
    "of": 2162.156200647354,
    "co-oc": 1669.6057889461517,
    "dilca": 2378.609869480133,
    "jaccard": 2.326918125152588,
    "dice": 2.295341730117798,
    "kulsinski": 2.249941825866699,
    "rogerstanimoto": 2.1438112258911133,
    "russellrao": 3.186367988586426,
    "sokalmichener": 2.2246170043945312,
    "sokalsneath": 2.4427711963653564
}