{
    "euclidean": 0.12263607978820801,
    "manhattan": 0.07787561416625977,
    "chebyshev": 0.06209826469421387,
    "sqeuclidean": 0.07117986679077148,
    "canberra": 0.07022666931152344,
    "mahalanobis": 0.24600648880004883,
    "cosine": 0.10800743103027344,
    "pearson": 0.11989188194274902,
    "lorentzian": 45.618921756744385,
    "divergence": 74.38012528419495,
    "hamming": 41.23133897781372,
    "eskin": 40.36789059638977,
    "iof": 41.35932993888855,
    "of": 41.452794790267944,
    "co-oc": 40.000495195388794,
    "dilca": 39.617018699645996,
    "jaccard": 0.05510997772216797,
    "dice": 0.06067633628845215,
    "kulsinski": 0.056752920150756836,
    "rogerstanimoto": 0.05388212203979492,
    "russellrao": 0.05756545066833496,
    "sokalmichener": 0.05895233154296875,
    "sokalsneath": 0.05916547775268555
}