{
    "euclidean": 1.3141772747039795,
    "manhattan": 0.9672820568084717,
    "chebyshev": 0.8303439617156982,
    "sqeuclidean": 1.8595738410949707,
    "canberra": 1.444786787033081,
    "mahalanobis": 2.575166702270508,
    "cosine": 0.9212586879730225,
    "pearson": 0.8729846477508545,
    "lorentzian": 2022.238344669342,
    "divergence": 2271.886111021042,
    "hamming": 2054.4688625335693,
    "eskin": 2007.8618676662445,
    "iof": 2163.663451910019,
    "of": 2238.8311133384705,
    "co-oc": 2216.4126365184784,
    "dilca": 2127.321229696274,
    "jaccard": 0.9409379959106445,
    "dice": 0.9248111248016357,
    "kulsinski": 0.8233435153961182,
    "rogerstanimoto": 0.8768556118011475,
    "russellrao": 0.8629364967346191,
    "sokalmichener": 0.9023218154907227,
    "sokalsneath": 0.8390316963195801
}