{
    "euclidean": 0.8124735355377197,
    "manhattan": 0.5509099960327148,
    "chebyshev": 0.4999709129333496,
    "sqeuclidean": 0.8770315647125244,
    "canberra": 0.5239603519439697,
    "mahalanobis": 0.6999850273132324,
    "cosine": 0.7079870700836182,
    "pearson": 0.5201108455657959,
    "lorentzian": 737.3774979114532,
    "divergence": 1006.9892163276672,
    "hamming": 448.6012499332428,
    "eskin": 485.8147020339966,
    "iof": 490.84260082244873,
    "of": 454.24376153945923,
    "co-oc": 1167.5300006866455,
    "dilca": 641.5188601016998,
    "jaccard": 1.0298271179199219,
    "dice": 1.0479919910430908,
    "kulsinski": 1.0399575233459473,
    "rogerstanimoto": 0.7919454574584961,
    "russellrao": 0.8159499168395996,
    "sokalmichener": 0.8315539360046387,
    "sokalsneath": 1.0627565383911133
}