{
    "euclidean": 6.056310653686523,
    "manhattan": 3.994825601577759,
    "chebyshev": 3.436403512954712,
    "sqeuclidean": 7.307326316833496,
    "canberra": 5.4289445877075195,
    "mahalanobis": 9.697324991226196,
    "cosine": 3.5440776348114014,
    "pearson": 2.9366350173950195,
    "lorentzian": 8100.3660254478455,
    "divergence": 9925.214430332184,
    "hamming": 6837.467658042908,
    "eskin": 7301.380065202713,
    "iof": 6952.881560087204,
    "of": 6852.641195297241,
    "co-oc": 6745.381328582764,
    "dilca": 6833.96647977829,
    "jaccard": 2.620513439178467,
    "dice": 2.4712088108062744,
    "kulsinski": 2.518939256668091,
    "rogerstanimoto": 2.430474281311035,
    "russellrao": 2.8369357585906982,
    "sokalmichener": 2.4667165279388428,
    "sokalsneath": 2.9197871685028076
}