{
    "euclidean": 0.004495143890380859,
    "manhattan": 0.03959202766418457,
    "chebyshev": 0.02481222152709961,
    "sqeuclidean": 0.003200054168701172,
    "canberra": 0.0283660888671875,
    "mahalanobis": 0.03767037391662598,
    "cosine": 0.004724025726318359,
    "pearson": 0.0335087776184082,
    "lorentzian": 9.419923305511475,
    "divergence": 9.847932815551758,
    "hamming": 8.906234741210938,
    "eskin": 9.13733959197998,
    "iof": 7.992608070373535,
    "of": 6.9489240646362305,
    "co-oc": 7.413789987564087,
    "dilca": 7.1077775955200195,
    "jaccard": 0.015032529830932617,
    "dice": 0.015219688415527344,
    "kulsinski": 0.015278339385986328,
    "rogerstanimoto": 0.015166282653808594,
    "russellrao": 0.018823623657226562,
    "sokalmichener": 0.014844179153442383,
    "sokalsneath": 0.016528606414794922
}