{
    "euclidean": 3.777320146560669,
    "manhattan": 3.4122443199157715,
    "chebyshev": 3.4635815620422363,
    "sqeuclidean": 4.927587985992432,
    "canberra": 4.593170642852783,
    "mahalanobis": 4.500678539276123,
    "cosine": 4.864725828170776,
    "pearson": 2.8440229892730713,
    "lorentzian": 7857.664675712585,
    "divergence": 9872.261002540588,
    "hamming": 7126.3130514621735,
    "eskin": 7076.368326187134,
    "iof": 7098.83882856369,
    "of": 6770.64595246315,
    "co-oc": 6890.8881046772,
    "dilca": 7068.470687627792,
    "jaccard": 2.853443145751953,
    "dice": 2.9146790504455566,
    "kulsinski": 2.914682149887085,
    "rogerstanimoto": 2.4283573627471924,
    "russellrao": 2.4861836433410645,
    "sokalmichener": 2.791236400604248,
    "sokalsneath": 2.9643516540527344
}