{
    "euclidean": 0.0006959438323974609,
    "manhattan": 0.028279542922973633,
    "chebyshev": 0.021185874938964844,
    "sqeuclidean": 0.0007321834564208984,
    "canberra": 0.014868974685668945,
    "mahalanobis": 0.01834273338317871,
    "cosine": 0.0006551742553710938,
    "lorentzian": 0.7596774101257324,
    "divergence": 0.8614678382873535,
    "hamming": 0.6524951457977295,
    "eskin": 0.6533219814300537,
    "iof": 0.6537282466888428,
    "of": 0.6636772155761719,
    "jaccard": 0.01813197135925293,
    "dice": 0.015146970748901367,
    "kulsinski": 0.015065908432006836,
    "rogerstanimoto": 0.014915943145751953,
    "russellrao": 0.015167474746704102,
    "sokalmichener": 0.015076875686645508,
    "sokalsneath": 0.015566349029541016
}