{
    "euclidean": 3.5525364875793457,
    "manhattan": 2.941451072692871,
    "chebyshev": 3.07334566116333,
    "sqeuclidean": 5.199618339538574,
    "canberra": 3.8866848945617676,
    "mahalanobis": 5.251217603683472,
    "cosine": 3.234110116958618,
    "pearson": 2.7634992599487305,
    "lorentzian": 8127.807029247284,
    "divergence": 9824.255675315857,
    "hamming": 7249.5157334804535,
    "eskin": 7218.237700223923,
    "iof": 6766.7505049705505,
    "of": 6729.964979887009,
    "jaccard": 2.6664059162139893,
    "dice": 2.612574815750122,
    "kulsinski": 2.4210708141326904,
    "rogerstanimoto": 3.0413873195648193,
    "russellrao": 2.1038050651550293,
    "sokalmichener": 2.853095531463623,
    "sokalsneath": 3.315251588821411
}