{
    "euclidean": 4.0244457721710205,
    "manhattan": 2.5956649780273438,
    "chebyshev": 2.8463504314422607,
    "sqeuclidean": 4.174265384674072,
    "canberra": 2.470738172531128,
    "mahalanobis": 3.2514755725860596,
    "cosine": 7.238179683685303,
    "pearson": 6.039268732070923,
    "lorentzian": 7855.958532094955,
    "divergence": 9716.368092536926,
    "hamming": 7300.550582408905,
    "eskin": 7094.067078113556,
    "iof": 7374.516903877258,
    "of": 7180.459404706955,
    "co-oc": 7948.4461233615875,
    "dilca": 6989.262929916382,
    "jaccard": 4.855261564254761,
    "dice": 4.369276523590088,
    "kulsinski": 4.37287449836731,
    "rogerstanimoto": 3.8051984310150146,
    "russellrao": 3.288163185119629,
    "sokalmichener": 3.67508602142334,
    "sokalsneath": 4.795557498931885
}