{
    "euclidean": 3.33756422996521,
    "manhattan": 3.467026948928833,
    "chebyshev": 4.682700872421265,
    "sqeuclidean": 4.836178779602051,
    "canberra": 3.706918716430664,
    "mahalanobis": 3.4406392574310303,
    "cosine": 3.064819097518921,
    "lorentzian": 7872.921257972717,
    "divergence": 9484.749930381775,
    "hamming": 6585.427800893784,
    "eskin": 6369.020014047623,
    "iof": 6184.705424547195,
    "of": 6566.892735242844,
    "co-oc": 1606254.7109792233,
    "dilca": 219689.72190523148,
    "jaccard": 66.49738216400146,
    "dice": 67.62550282478333,
    "kulsinski": 63.86315369606018,
    "rogerstanimoto": 34.413941383361816,
    "russellrao": 34.99388027191162,
    "sokalmichener": 37.681952476501465,
    "sokalsneath": 66.19925546646118
}