{
    "euclidean": 0.0714406967163086,
    "manhattan": 0.10953569412231445,
    "chebyshev": 0.059064388275146484,
    "sqeuclidean": 0.0434415340423584,
    "canberra": 0.06997942924499512,
    "mahalanobis": 0.20346999168395996,
    "cosine": 0.08336210250854492,
    "pearson": 0.08004426956176758,
    "lorentzian": 32.315500259399414,
    "divergence": 29.826942443847656,
    "hamming": 20.02344012260437,
    "eskin": 28.271516799926758,
    "iof": 21.304881811141968,
    "of": 20.03150773048401,
    "co-oc": 23.495237112045288,
    "dilca": 20.672120332717896,
    "jaccard": 0.03757333755493164,
    "dice": 0.036458492279052734,
    "kulsinski": 0.037009239196777344,
    "rogerstanimoto": 0.04607105255126953,
    "russellrao": 0.03918027877807617,
    "sokalmichener": 0.03562569618225098,
    "sokalsneath": 0.03938794136047363
}