{
    "euclidean": 0.002093791961669922,
    "manhattan": 0.02874469757080078,
    "chebyshev": 0.023798465728759766,
    "sqeuclidean": 0.0010466575622558594,
    "canberra": 0.022725343704223633,
    "mahalanobis": 0.029682636260986328,
    "cosine": 0.003340005874633789,
    "lorentzian": 3.9433553218841553,
    "divergence": 4.724376201629639,
    "hamming": 3.5977752208709717,
    "eskin": 3.568093776702881,
    "iof": 3.5739381313323975,
    "of": 3.558138847351074,
    "co-oc": 3.6287992000579834,
    "dilca": 3.6102511882781982,
    "jaccard": 0.014904975891113281,
    "dice": 0.015249013900756836,
    "kulsinski": 0.015155315399169922,
    "rogerstanimoto": 0.015126228332519531,
    "russellrao": 0.015013933181762695,
    "sokalmichener": 0.015115737915039062,
    "sokalsneath": 0.015091419219970703
}