{
    "euclidean": 3.712318181991577,
    "manhattan": 2.6736600399017334,
    "chebyshev": 3.0887393951416016,
    "sqeuclidean": 6.405878782272339,
    "canberra": 3.445509433746338,
    "mahalanobis": 5.181134223937988,
    "cosine": 3.9857430458068848,
    "pearson": 2.733487129211426,
    "lorentzian": 8237.219982862473,
    "divergence": 8061.4377608299255,
    "hamming": 8044.732302904129,
    "eskin": 7905.315220355988,
    "iof": 7818.698001623154,
    "of": 7492.831889867783,
    "co-oc": 43407.941793203354,
    "dilca": 9145.408485889435,
    "jaccard": 11.195466756820679,
    "dice": 10.766171932220459,
    "kulsinski": 9.600255489349365,
    "rogerstanimoto": 6.746783018112183,
    "russellrao": 6.6891655921936035,
    "sokalmichener": 6.316163539886475,
    "sokalsneath": 10.902987241744995
}