{
    "euclidean": 0.0022056102752685547,
    "manhattan": 0.038263559341430664,
    "chebyshev": 0.031167030334472656,
    "sqeuclidean": 0.001546621322631836,
    "canberra": 0.028630971908569336,
    "mahalanobis": 0.03396487236022949,
    "cosine": 0.0023641586303710938,
    "pearson": 0.03457927703857422,
    "lorentzian": 4.61058783531189,
    "divergence": 5.178837537765503,
    "hamming": 3.5978403091430664,
    "eskin": 3.72145938873291,
    "iof": 3.275439500808716,
    "of": 3.4689443111419678,
    "jaccard": 0.058023929595947266,
    "dice": 0.03278541564941406,
    "kulsinski": 0.03540635108947754,
    "rogerstanimoto": 0.028249502182006836,
    "russellrao": 0.024028778076171875,
    "sokalmichener": 0.031013965606689453,
    "sokalsneath": 0.0285186767578125
}