{
    "euclidean": 0.8934969902038574,
    "manhattan": 0.5428478717803955,
    "chebyshev": 0.5480213165283203,
    "sqeuclidean": 0.8010444641113281,
    "canberra": 0.5732884407043457,
    "mahalanobis": 0.5747840404510498,
    "cosine": 0.8198184967041016,
    "lorentzian": 568.2126638889313,
    "divergence": 952.7852194309235,
    "hamming": 611.1613311767578,
    "eskin": 771.3929312229156,
    "iof": 888.8722913265228,
    "of": 629.2715971469879,
    "co-oc": 592.0925369262695,
    "dilca": 573.9226593971252,
    "jaccard": 0.7008256912231445,
    "dice": 0.6879699230194092,
    "kulsinski": 0.6839783191680908,
    "rogerstanimoto": 0.6308548450469971,
    "russellrao": 0.621100664138794,
    "sokalmichener": 0.6042678356170654,
    "sokalsneath": 0.6676511764526367
}