{
    "euclidean": 3.6121740341186523,
    "manhattan": 2.3886826038360596,
    "chebyshev": 2.059819221496582,
    "sqeuclidean": 4.057107925415039,
    "canberra": 2.4737367630004883,
    "mahalanobis": 2.6988465785980225,
    "cosine": 4.09517502784729,
    "pearson": 4.654099464416504,
    "lorentzian": 8081.844169855118,
    "divergence": 9874.237901687622,
    "hamming": 7238.591635942459,
    "eskin": 7078.791447639465,
    "iof": 7266.471698522568,
    "of": 6859.569365978241,
    "co-oc": 7175.030364751816,
    "dilca": 7081.459656715393,
    "jaccard": 2.9770734310150146,
    "dice": 3.0412392616271973,
    "kulsinski": 3.034353494644165,
    "rogerstanimoto": 2.8431663513183594,
    "russellrao": 3.655571460723877,
    "sokalmichener": 3.0687482357025146,
    "sokalsneath": 2.7791922092437744
}