{
    "euclidean": 0.011713266372680664,
    "manhattan": 0.029633760452270508,
    "chebyshev": 0.026437997817993164,
    "sqeuclidean": 0.0040073394775390625,
    "canberra": 0.01936626434326172,
    "mahalanobis": 0.03997349739074707,
    "cosine": 0.0052988529205322266,
    "lorentzian": 15.37725019454956,
    "divergence": 17.048430919647217,
    "hamming": 13.667639017105103,
    "eskin": 13.68081283569336,
    "iof": 13.49389362335205,
    "of": 14.139627695083618,
    "co-oc": 15.70668339729309,
    "dilca": 15.967367887496948,
    "jaccard": 0.027912139892578125,
    "dice": 0.031713247299194336,
    "kulsinski": 0.02854466438293457,
    "rogerstanimoto": 0.028203487396240234,
    "russellrao": 0.027369022369384766,
    "sokalmichener": 0.027240753173828125,
    "sokalsneath": 0.03448605537414551
}