{
    "euclidean": 0.009824037551879883,
    "manhattan": 0.045226097106933594,
    "chebyshev": 0.031705617904663086,
    "sqeuclidean": 0.0051631927490234375,
    "canberra": 0.026347637176513672,
    "mahalanobis": 0.05951809883117676,
    "cosine": 0.01417088508605957,
    "pearson": 0.032872915267944336,
    "lorentzian": 21.162142276763916,
    "divergence": 24.155139923095703,
    "hamming": 15.343112707138062,
    "eskin": 14.844698905944824,
    "iof": 11.530895471572876,
    "of": 12.266433954238892,
    "co-oc": 11.4399573802948,
    "dilca": 12.816607475280762,
    "jaccard": 0.02714228630065918,
    "dice": 0.03178763389587402,
    "kulsinski": 0.03868746757507324,
    "rogerstanimoto": 0.023917198181152344,
    "russellrao": 0.027928590774536133,
    "sokalmichener": 0.02353644371032715,
    "sokalsneath": 0.024442434310913086
}