{
    "euclidean": 4.597536087036133,
    "manhattan": 2.881591320037842,
    "chebyshev": 2.9299354553222656,
    "sqeuclidean": 4.9124932289123535,
    "canberra": 3.7834770679473877,
    "mahalanobis": 6.048590660095215,
    "cosine": 4.038371801376343,
    "pearson": 2.724601984024048,
    "lorentzian": 7999.95343208313,
    "divergence": 9739.222404956818,
    "hamming": 6903.735676765442,
    "eskin": 6755.871011734009,
    "iof": 6678.6606521606445,
    "of": 6630.111608505249,
    "co-oc": 6781.286333084106,
    "dilca": 6906.0868101119995,
    "jaccard": 2.708528995513916,
    "dice": 3.1037096977233887,
    "kulsinski": 2.6118366718292236,
    "rogerstanimoto": 2.6073157787323,
    "russellrao": 2.4890449047088623,
    "sokalmichener": 2.8707804679870605,
    "sokalsneath": 3.0963046550750732
}