{
    "euclidean": 0.21303462982177734,
    "manhattan": 0.1490638256072998,
    "chebyshev": 0.1508772373199463,
    "sqeuclidean": 0.19802236557006836,
    "canberra": 0.15835833549499512,
    "mahalanobis": 0.20353460311889648,
    "cosine": 0.20482611656188965,
    "pearson": 0.16797971725463867,
    "lorentzian": 155.99577617645264,
    "divergence": 193.59148740768433,
    "hamming": 130.47084093093872,
    "eskin": 134.0126554965973,
    "iof": 122.35413432121277,
    "of": 135.3588855266571,
    "co-oc": 128.78475666046143,
    "dilca": 119.9461555480957,
    "jaccard": 0.14110660552978516,
    "dice": 0.13927555084228516,
    "kulsinski": 0.14028120040893555,
    "rogerstanimoto": 0.14381170272827148,
    "russellrao": 0.20586585998535156,
    "sokalmichener": 0.1531357765197754,
    "sokalsneath": 0.1795639991760254
}