{
    "euclidean": 5.1576008796691895,
    "manhattan": 2.39923095703125,
    "chebyshev": 3.320117473602295,
    "sqeuclidean": 4.04983377456665,
    "canberra": 3.0520381927490234,
    "mahalanobis": 3.76686692237854,
    "cosine": 3.716331720352173,
    "pearson": 2.861238718032837,
    "lorentzian": 8052.776447534561,
    "divergence": 9919.137028455734,
    "hamming": 7172.345491409302,
    "eskin": 7075.655839920044,
    "iof": 7165.93264746666,
    "of": 6893.200574159622,
    "co-oc": 6921.049077272415,
    "dilca": 6787.796538114548,
    "jaccard": 3.0675668716430664,
    "dice": 3.5118167400360107,
    "kulsinski": 3.2527823448181152,
    "rogerstanimoto": 2.909181833267212,
    "russellrao": 3.322024345397949,
    "sokalmichener": 2.949246883392334,
    "sokalsneath": 3.4559717178344727
}