{
    "euclidean": 2.4693472385406494,
    "manhattan": 3.2341630458831787,
    "chebyshev": 2.586228132247925,
    "sqeuclidean": 4.908100605010986,
    "canberra": 3.313479423522949,
    "mahalanobis": 1.5706875324249268,
    "cosine": 1.7777626514434814,
    "pearson": 3.6509642601013184,
    "lorentzian": 3437.8104226589203,
    "divergence": 3688.5377712249756,
    "hamming": 3672.965566635132,
    "eskin": 3553.3168544769287,
    "iof": 3892.733212709427,
    "of": 3195.2673654556274,
    "co-oc": 3263.1967582702637,
    "dilca": 3264.1796424388885,
    "jaccard": 2.007861375808716,
    "dice": 1.7860791683197021,
    "kulsinski": 1.774672031402588,
    "rogerstanimoto": 1.8893566131591797,
    "russellrao": 2.0849316120147705,
    "sokalmichener": 1.6059014797210693,
    "sokalsneath": 2.062854051589966
}