{
    "euclidean": 0.18519067764282227,
    "manhattan": 0.22202587127685547,
    "chebyshev": 0.19780468940734863,
    "sqeuclidean": 0.2247617244720459,
    "canberra": 0.1490333080291748,
    "mahalanobis": 0.20693469047546387,
    "cosine": 0.14466261863708496,
    "pearson": 0.1511087417602539,
    "lorentzian": 171.75256371498108,
    "divergence": 191.1862142086029,
    "hamming": 323.2379472255707,
    "eskin": 320.49123096466064,
    "iof": 323.82736706733704,
    "of": 320.11094546318054,
    "co-oc": 367.85400390625,
    "dilca": 365.50261759757996,
    "jaccard": 0.34377408027648926,
    "dice": 0.36405301094055176,
    "kulsinski": 0.28519129753112793,
    "rogerstanimoto": 0.20263004302978516,
    "russellrao": 0.26812314987182617,
    "sokalmichener": 0.22734880447387695,
    "sokalsneath": 0.3133063316345215
}