{
    "euclidean": 6.099360704421997,
    "manhattan": 5.789710283279419,
    "chebyshev": 3.609575033187866,
    "sqeuclidean": 6.756432294845581,
    "canberra": 5.06906533241272,
    "mahalanobis": 5.82340669631958,
    "cosine": 6.481773853302002,
    "pearson": 3.491729974746704,
    "lorentzian": 8069.305130004883,
    "divergence": 10001.424638271332,
    "hamming": 7177.101800441742,
    "eskin": 7034.666588783264,
    "iof": 7237.215399265289,
    "of": 6985.310418605804,
    "co-oc": 7287.369772195816,
    "dilca": 7004.406867027283,
    "jaccard": 3.0996618270874023,
    "dice": 3.4597220420837402,
    "kulsinski": 3.162362813949585,
    "rogerstanimoto": 2.8910040855407715,
    "russellrao": 2.938478946685791,
    "sokalmichener": 3.192357301712036,
    "sokalsneath": 3.1689493656158447
}