{
    "euclidean": 3.193351984024048,
    "manhattan": 2.5000205039978027,
    "chebyshev": 2.459341049194336,
    "sqeuclidean": 6.4878990650177,
    "canberra": 3.2286787033081055,
    "mahalanobis": 3.9163010120391846,
    "cosine": 3.4167354106903076,
    "pearson": 3.175847053527832,
    "lorentzian": 8017.2890384197235,
    "divergence": 9947.175858974457,
    "hamming": 7108.636506080627,
    "eskin": 7184.650659799576,
    "iof": 7116.819371938705,
    "of": 7155.356745481491,
    "co-oc": 7085.807767152786,
    "dilca": 7180.258061885834,
    "jaccard": 2.8023440837860107,
    "dice": 2.990842819213867,
    "kulsinski": 3.274766445159912,
    "rogerstanimoto": 2.588545560836792,
    "russellrao": 2.929131031036377,
    "sokalmichener": 2.798083782196045,
    "sokalsneath": 2.794889211654663
}