{
    "euclidean": 0.005290031433105469,
    "manhattan": 0.024576187133789062,
    "chebyshev": 0.024643898010253906,
    "sqeuclidean": 0.002321004867553711,
    "canberra": 0.021396636962890625,
    "mahalanobis": 0.027825355529785156,
    "cosine": 0.0019488334655761719,
    "pearson": 0.022134780883789062,
    "lorentzian": 4.990584373474121,
    "divergence": 6.709721088409424,
    "hamming": 4.531634569168091,
    "eskin": 4.423553466796875,
    "iof": 4.435516595840454,
    "of": 4.413914442062378,
    "co-oc": 4.4681360721588135,
    "dilca": 4.48027229309082,
    "jaccard": 0.015073299407958984,
    "dice": 0.015315055847167969,
    "kulsinski": 0.015106439590454102,
    "rogerstanimoto": 0.015129804611206055,
    "russellrao": 0.015194416046142578,
    "sokalmichener": 0.014879226684570312,
    "sokalsneath": 0.01525425910949707
}