{
    "euclidean": 0.0026917457580566406,
    "manhattan": 0.031057119369506836,
    "chebyshev": 0.02313089370727539,
    "sqeuclidean": 0.0031816959381103516,
    "canberra": 0.02403426170349121,
    "mahalanobis": 0.03130030632019043,
    "cosine": 0.002535581588745117,
    "pearson": 0.02610468864440918,
    "lorentzian": 5.002816438674927,
    "divergence": 6.4994494915008545,
    "hamming": 4.47600793838501,
    "eskin": 4.442426443099976,
    "iof": 4.424806833267212,
    "of": 4.431039333343506,
    "co-oc": 4.470707893371582,
    "dilca": 4.4246909618377686,
    "jaccard": 0.01516866683959961,
    "dice": 0.016713619232177734,
    "kulsinski": 0.015104532241821289,
    "rogerstanimoto": 0.015162229537963867,
    "russellrao": 0.015230894088745117,
    "sokalmichener": 0.015107154846191406,
    "sokalsneath": 0.015124320983886719
}