{
    "euclidean": 0.0059206485748291016,
    "manhattan": 0.03950786590576172,
    "chebyshev": 0.027041196823120117,
    "sqeuclidean": 0.006218910217285156,
    "canberra": 0.03961539268493652,
    "mahalanobis": 0.047479867935180664,
    "cosine": 0.008147954940795898,
    "pearson": 0.13594532012939453,
    "lorentzian": 13.672363519668579,
    "divergence": 18.127043962478638,
    "hamming": 10.764289379119873,
    "eskin": 11.685850381851196,
    "iof": 12.148494720458984,
    "of": 11.376482248306274,
    "co-oc": 11.336555480957031,
    "dilca": 11.733362436294556,
    "jaccard": 0.025751829147338867,
    "dice": 0.03205084800720215,
    "kulsinski": 0.029627561569213867,
    "rogerstanimoto": 0.026556968688964844,
    "russellrao": 0.03144359588623047,
    "sokalmichener": 0.035065412521362305,
    "sokalsneath": 0.03244590759277344
}