{
    "euclidean": 0.0008311271667480469,
    "manhattan": 0.027048349380493164,
    "chebyshev": 0.029030799865722656,
    "sqeuclidean": 0.0009236335754394531,
    "canberra": 0.026853084564208984,
    "mahalanobis": 0.029677629470825195,
    "cosine": 0.0010459423065185547,
    "pearson": 0.02483224868774414,
    "lorentzian": 0.8474555015563965,
    "divergence": 0.9689090251922607,
    "hamming": 0.9613018035888672,
    "eskin": 0.9840686321258545,
    "iof": 0.971646785736084,
    "of": 1.0131795406341553,
    "co-oc": 1.2054626941680908,
    "dilca": 1.2334825992584229,
    "jaccard": 0.03939938545227051,
    "dice": 0.0329279899597168,
    "kulsinski": 0.028423547744750977,
    "rogerstanimoto": 0.035216331481933594,
    "russellrao": 0.031699419021606445,
    "sokalmichener": 0.031197071075439453,
    "sokalsneath": 0.0398862361907959
}