{
    "euclidean": 0.0002357959747314453,
    "manhattan": 0.014204740524291992,
    "chebyshev": 0.015338897705078125,
    "sqeuclidean": 0.00032448768615722656,
    "canberra": 0.014837980270385742,
    "mahalanobis": 0.017950057983398438,
    "cosine": 0.0006277561187744141,
    "pearson": 0.014402151107788086,
    "lorentzian": 0.11153006553649902,
    "divergence": 0.13187289237976074,
    "hamming": 0.08585810661315918,
    "eskin": 0.09249377250671387,
    "iof": 0.08603453636169434,
    "of": 0.09005117416381836,
    "jaccard": 0.01475071907043457,
    "dice": 0.014956474304199219,
    "kulsinski": 0.015124320983886719,
    "rogerstanimoto": 0.015071868896484375,
    "russellrao": 0.015019893646240234,
    "sokalmichener": 0.01507878303527832,
    "sokalsneath": 0.015076398849487305
}