{
    "euclidean": 0.000576019287109375,
    "manhattan": 0.03160285949707031,
    "chebyshev": 0.017058610916137695,
    "sqeuclidean": 0.0003840923309326172,
    "canberra": 0.01514744758605957,
    "mahalanobis": 0.02706623077392578,
    "cosine": 0.0006766319274902344,
    "pearson": 0.01455545425415039,
    "lorentzian": 0.44860386848449707,
    "divergence": 0.5661506652832031,
    "hamming": 0.38341259956359863,
    "eskin": 0.3880000114440918,
    "iof": 0.3817594051361084,
    "of": 0.39110398292541504,
    "co-oc": 0.3981049060821533,
    "dilca": 0.3905947208404541,
    "jaccard": 0.014662027359008789,
    "dice": 0.01494741439819336,
    "kulsinski": 0.014933109283447266,
    "rogerstanimoto": 0.01531362533569336,
    "russellrao": 0.014942169189453125,
    "sokalmichener": 0.015011072158813477,
    "sokalsneath": 0.015183687210083008
}