{
    "euclidean": 0.00023508071899414062,
    "manhattan": 0.02632761001586914,
    "chebyshev": 0.026811838150024414,
    "sqeuclidean": 0.0002703666687011719,
    "canberra": 0.015192985534667969,
    "mahalanobis": 0.016594409942626953,
    "cosine": 0.0003726482391357422,
    "pearson": 0.01423025131225586,
    "lorentzian": 0.09858989715576172,
    "divergence": 0.11346864700317383,
    "hamming": 0.07712054252624512,
    "eskin": 0.07823371887207031,
    "iof": 0.08245301246643066,
    "of": 0.07965421676635742,
    "co-oc": 0.16560888290405273,
    "dilca": 0.11190342903137207,
    "jaccard": 0.014529943466186523,
    "dice": 0.015138626098632812,
    "kulsinski": 0.015078067779541016,
    "rogerstanimoto": 0.015171051025390625,
    "russellrao": 0.015102148056030273,
    "sokalmichener": 0.015375375747680664,
    "sokalsneath": 0.014902830123901367
}