{
    "euclidean": 0.0013322830200195312,
    "manhattan": 0.014729738235473633,
    "chebyshev": 0.023569822311401367,
    "sqeuclidean": 0.0006620883941650391,
    "canberra": 0.01656961441040039,
    "mahalanobis": 0.021849393844604492,
    "cosine": 0.0006635189056396484,
    "pearson": 0.016195058822631836,
    "lorentzian": 0.6914870738983154,
    "divergence": 0.9159746170043945,
    "hamming": 0.6261730194091797,
    "eskin": 0.6177866458892822,
    "iof": 0.6148958206176758,
    "of": 0.6101808547973633,
    "jaccard": 0.015604496002197266,
    "dice": 0.015399932861328125,
    "kulsinski": 0.01503300666809082,
    "rogerstanimoto": 0.015894174575805664,
    "russellrao": 0.014991998672485352,
    "sokalmichener": 0.015032529830932617,
    "sokalsneath": 0.01505899429321289
}