{
    "euclidean": 0.016422033309936523,
    "manhattan": 0.11506175994873047,
    "chebyshev": 0.027966022491455078,
    "sqeuclidean": 0.01778864860534668,
    "canberra": 0.02562737464904785,
    "mahalanobis": 0.08299732208251953,
    "cosine": 0.03048229217529297,
    "pearson": 0.07569122314453125,
    "lorentzian": 32.03709363937378,
    "divergence": 45.97186470031738,
    "hamming": 27.716787338256836,
    "eskin": 21.873361825942993,
    "iof": 19.397610187530518,
    "of": 20.58447265625,
    "jaccard": 0.02654123306274414,
    "dice": 0.023674726486206055,
    "kulsinski": 0.021240234375,
    "rogerstanimoto": 0.01779460906982422,
    "russellrao": 0.02344036102294922,
    "sokalmichener": 0.024152278900146484,
    "sokalsneath": 0.02380824089050293
}