{
    "euclidean": 0.0010294914245605469,
    "manhattan": 0.026363849639892578,
    "chebyshev": 0.027890920639038086,
    "sqeuclidean": 0.0006508827209472656,
    "canberra": 0.028049707412719727,
    "mahalanobis": 0.034081220626831055,
    "cosine": 0.0013926029205322266,
    "pearson": 0.024787187576293945,
    "lorentzian": 1.9524507522583008,
    "divergence": 2.1209611892700195,
    "hamming": 1.8037514686584473,
    "eskin": 1.8692214488983154,
    "iof": 1.753262996673584,
    "of": 1.7218124866485596,
    "co-oc": 1.7877311706542969,
    "dilca": 1.7450218200683594,
    "jaccard": 0.019286394119262695,
    "dice": 0.027466535568237305,
    "kulsinski": 0.0316622257232666,
    "rogerstanimoto": 0.02108597755432129,
    "russellrao": 0.02684497833251953,
    "sokalmichener": 0.03180861473083496,
    "sokalsneath": 0.021904706954956055
}