{
    "euclidean": 0.03498482704162598,
    "manhattan": 0.1021878719329834,
    "chebyshev": 0.03558492660522461,
    "sqeuclidean": 0.0207369327545166,
    "canberra": 0.03565216064453125,
    "mahalanobis": 1.011509656906128,
    "cosine": 0.0164029598236084,
    "pearson": 0.07598996162414551,
    "lorentzian": 4.809433937072754,
    "divergence": 5.8065221309661865,
    "hamming": 5.597109079360962,
    "eskin": 5.775731563568115,
    "iof": 5.626012563705444,
    "of": 5.711632490158081,
    "co-oc": 6.5588860511779785,
    "dilca": 7.058698892593384,
    "jaccard": 0.030832529067993164,
    "dice": 0.01953864097595215,
    "kulsinski": 0.021002531051635742,
    "rogerstanimoto": 0.01915884017944336,
    "russellrao": 0.020496129989624023,
    "sokalmichener": 0.01904010772705078,
    "sokalsneath": 0.01933455467224121
}