{
    "euclidean": 0.0008857250213623047,
    "manhattan": 0.025659561157226562,
    "chebyshev": 0.02856612205505371,
    "sqeuclidean": 0.0004742145538330078,
    "canberra": 0.027091026306152344,
    "mahalanobis": 0.028226852416992188,
    "cosine": 0.0008590221405029297,
    "pearson": 0.025060176849365234,
    "lorentzian": 0.7167878150939941,
    "divergence": 0.932443380355835,
    "hamming": 0.7148191928863525,
    "eskin": 0.6867692470550537,
    "iof": 0.6781435012817383,
    "of": 0.6931159496307373,
    "co-oc": 0.7030115127563477,
    "dilca": 0.7875924110412598,
    "jaccard": 0.0215151309967041,
    "dice": 0.050813913345336914,
    "kulsinski": 0.04246973991394043,
    "rogerstanimoto": 0.032438039779663086,
    "russellrao": 0.023834705352783203,
    "sokalmichener": 0.023505449295043945,
    "sokalsneath": 0.028111696243286133
}