{
    "euclidean": 0.46541309356689453,
    "manhattan": 0.268024206161499,
    "chebyshev": 0.5204052925109863,
    "sqeuclidean": 0.3954586982727051,
    "canberra": 0.2919635772705078,
    "mahalanobis": 0.34397006034851074,
    "cosine": 0.3737919330596924,
    "pearson": 0.27063488960266113,
    "lorentzian": 257.4758355617523,
    "divergence": 288.4728624820709,
    "hamming": 444.6256306171417,
    "eskin": 478.4903013706207,
    "iof": 480.41682052612305,
    "of": 400.6551501750946,
    "co-oc": 278.3422005176544,
    "dilca": 277.93679547309875,
    "jaccard": 0.30991315841674805,
    "dice": 0.30423498153686523,
    "kulsinski": 0.30267763137817383,
    "rogerstanimoto": 0.2814369201660156,
    "russellrao": 0.33517885208129883,
    "sokalmichener": 0.29680442810058594,
    "sokalsneath": 0.32793545722961426
}