{
    "euclidean": 0.025873661041259766,
    "manhattan": 0.07809662818908691,
    "chebyshev": 0.03955650329589844,
    "sqeuclidean": 0.015645265579223633,
    "canberra": 0.04023122787475586,
    "mahalanobis": 0.013953447341918945,
    "cosine": 0.022102832794189453,
    "pearson": 0.05002021789550781,
    "lorentzian": 7.4544947147369385,
    "divergence": 11.22119665145874,
    "hamming": 0.00793766975402832,
    "eskin": 0.0073795318603515625,
    "iof": 0.007279157638549805,
    "of": 0.007275104522705078,
    "co-oc": 0.0070264339447021484,
    "dilca": 8.380744457244873,
    "jaccard": 0.11893606185913086,
    "dice": 0.0387721061706543,
    "kulsinski": 0.035010576248168945,
    "rogerstanimoto": 0.030620336532592773,
    "russellrao": 0.03910040855407715,
    "sokalmichener": 0.029284954071044922,
    "sokalsneath": 0.03950190544128418
}