{
    "euclidean": 0.0002887248992919922,
    "manhattan": 0.021654129028320312,
    "chebyshev": 0.022567272186279297,
    "sqeuclidean": 0.00024819374084472656,
    "canberra": 0.019447803497314453,
    "mahalanobis": 0.0205686092376709,
    "cosine": 0.0005066394805908203,
    "pearson": 0.014743804931640625,
    "lorentzian": 0.18076586723327637,
    "divergence": 0.20440888404846191,
    "hamming": 0.1464087963104248,
    "eskin": 0.14156556129455566,
    "iof": 0.13635468482971191,
    "of": 0.14804315567016602,
    "jaccard": 0.014904022216796875,
    "dice": 0.015279054641723633,
    "kulsinski": 0.01524209976196289,
    "rogerstanimoto": 0.015441179275512695,
    "russellrao": 0.015268087387084961,
    "sokalmichener": 0.015301704406738281,
    "sokalsneath": 0.015445470809936523
}