{
    "euclidean": 0.00046515464782714844,
    "manhattan": 0.01567673683166504,
    "chebyshev": 0.016033649444580078,
    "sqeuclidean": 0.00029659271240234375,
    "canberra": 0.014621973037719727,
    "mahalanobis": 0.019727706909179688,
    "cosine": 0.0005135536193847656,
    "lorentzian": 0.31574177742004395,
    "divergence": 0.42648768424987793,
    "hamming": 0.2892143726348877,
    "eskin": 0.30565595626831055,
    "iof": 0.2898714542388916,
    "of": 0.28575849533081055,
    "jaccard": 0.014988422393798828,
    "dice": 0.014443159103393555,
    "kulsinski": 0.014309167861938477,
    "rogerstanimoto": 0.014265775680541992,
    "russellrao": 0.014395713806152344,
    "sokalmichener": 0.014200210571289062,
    "sokalsneath": 0.014254331588745117
}