{
    "euclidean": 0.0006539821624755859,
    "manhattan": 0.0144805908203125,
    "chebyshev": 0.015317201614379883,
    "sqeuclidean": 0.0005497932434082031,
    "canberra": 0.014795064926147461,
    "mahalanobis": 0.01711249351501465,
    "cosine": 0.0004646778106689453,
    "lorentzian": 0.3330252170562744,
    "divergence": 0.37578701972961426,
    "hamming": 0.27559471130371094,
    "eskin": 0.27193760871887207,
    "iof": 0.26911163330078125,
    "of": 0.2754223346710205,
    "co-oc": 0.26843738555908203,
    "dilca": 0.27228260040283203,
    "jaccard": 0.014764070510864258,
    "dice": 0.015363216400146484,
    "kulsinski": 0.015318155288696289,
    "rogerstanimoto": 0.01517939567565918,
    "russellrao": 0.01543879508972168,
    "sokalmichener": 0.015172719955444336,
    "sokalsneath": 0.01601696014404297
}