{
    "euclidean": 0.00047969818115234375,
    "manhattan": 0.014431476593017578,
    "chebyshev": 0.014745712280273438,
    "sqeuclidean": 0.00038170814514160156,
    "canberra": 0.015072822570800781,
    "mahalanobis": 0.016881465911865234,
    "cosine": 0.00048613548278808594,
    "pearson": 0.01422882080078125,
    "lorentzian": 0.36774468421936035,
    "divergence": 0.4339113235473633,
    "hamming": 0.35504698753356934,
    "eskin": 0.3316159248352051,
    "iof": 0.32842063903808594,
    "of": 0.32975220680236816,
    "co-oc": 0.3376133441925049,
    "dilca": 0.3320486545562744,
    "jaccard": 0.014575958251953125,
    "dice": 0.015228509902954102,
    "kulsinski": 0.015141963958740234,
    "rogerstanimoto": 0.015079259872436523,
    "russellrao": 0.014779090881347656,
    "sokalmichener": 0.0146331787109375,
    "sokalsneath": 0.01495504379272461
}