{
    "euclidean": 0.000499725341796875,
    "manhattan": 0.014464378356933594,
    "chebyshev": 0.01889324188232422,
    "sqeuclidean": 0.0004112720489501953,
    "canberra": 0.014845848083496094,
    "mahalanobis": 0.017518281936645508,
    "cosine": 0.0005095005035400391,
    "lorentzian": 0.7382931709289551,
    "divergence": 0.8958604335784912,
    "hamming": 0.6643524169921875,
    "eskin": 0.6370618343353271,
    "iof": 0.6365926265716553,
    "of": 0.6361136436462402,
    "co-oc": 0.6893439292907715,
    "dilca": 0.6896014213562012,
    "jaccard": 0.01982426643371582,
    "dice": 0.0223844051361084,
    "kulsinski": 0.01523447036743164,
    "rogerstanimoto": 0.01533651351928711,
    "russellrao": 0.015164852142333984,
    "sokalmichener": 0.015225410461425781,
    "sokalsneath": 0.01894354820251465
}