{
    "euclidean": 0.009777069091796875,
    "manhattan": 0.014431953430175781,
    "chebyshev": 0.015403032302856445,
    "sqeuclidean": 0.0066416263580322266,
    "canberra": 0.014578580856323242,
    "mahalanobis": 0.034996747970581055,
    "cosine": 0.0076673030853271484,
    "lorentzian": 19.36262607574463,
    "divergence": 22.339982986450195,
    "hamming": 16.861709594726562,
    "eskin": 16.836058616638184,
    "iof": 16.348145723342896,
    "of": 16.92018485069275,
    "jaccard": 0.01566791534423828,
    "dice": 0.015410423278808594,
    "kulsinski": 0.015445709228515625,
    "rogerstanimoto": 0.015230178833007812,
    "russellrao": 0.018920183181762695,
    "sokalmichener": 0.015251398086547852,
    "sokalsneath": 0.01521611213684082
}