{
    "euclidean": 0.00048804283142089844,
    "manhattan": 0.034319162368774414,
    "chebyshev": 0.020933151245117188,
    "sqeuclidean": 0.0004150867462158203,
    "canberra": 0.021500110626220703,
    "mahalanobis": 0.025595426559448242,
    "cosine": 0.0005517005920410156,
    "pearson": 0.021370887756347656,
    "lorentzian": 0.4731273651123047,
    "divergence": 0.6540579795837402,
    "hamming": 0.4278132915496826,
    "eskin": 0.412642240524292,
    "iof": 0.40784525871276855,
    "of": 0.4076721668243408,
    "jaccard": 0.014317750930786133,
    "dice": 0.015163183212280273,
    "kulsinski": 0.014917373657226562,
    "rogerstanimoto": 0.014935016632080078,
    "russellrao": 0.014982223510742188,
    "sokalmichener": 0.01516103744506836,
    "sokalsneath": 0.014959573745727539
}