{
    "euclidean": 0.002615690231323242,
    "manhattan": 0.02365565299987793,
    "chebyshev": 0.02357196807861328,
    "sqeuclidean": 0.0025086402893066406,
    "canberra": 0.021221399307250977,
    "mahalanobis": 0.026983022689819336,
    "cosine": 0.0019736289978027344,
    "pearson": 0.01439356803894043,
    "lorentzian": 5.147849798202515,
    "divergence": 6.821516513824463,
    "hamming": 4.489819049835205,
    "eskin": 4.448502779006958,
    "iof": 4.524626016616821,
    "of": 4.521647930145264,
    "co-oc": 4.672867298126221,
    "dilca": 4.534816741943359,
    "jaccard": 0.01519322395324707,
    "dice": 0.015513420104980469,
    "kulsinski": 0.01810431480407715,
    "rogerstanimoto": 0.016222476959228516,
    "russellrao": 0.01966691017150879,
    "sokalmichener": 0.015480756759643555,
    "sokalsneath": 0.015584945678710938
}