{
    "euclidean": 0.0005736351013183594,
    "manhattan": 0.014581918716430664,
    "chebyshev": 0.015106678009033203,
    "sqeuclidean": 0.0004341602325439453,
    "canberra": 0.014465093612670898,
    "mahalanobis": 0.017743587493896484,
    "cosine": 0.0005080699920654297,
    "pearson": 0.01433420181274414,
    "lorentzian": 0.38184213638305664,
    "divergence": 0.525078535079956,
    "hamming": 0.33965206146240234,
    "eskin": 0.3220508098602295,
    "iof": 0.3272733688354492,
    "of": 0.3243992328643799,
    "jaccard": 0.014647722244262695,
    "dice": 0.01811838150024414,
    "kulsinski": 0.01565718650817871,
    "rogerstanimoto": 0.015114307403564453,
    "russellrao": 0.015070438385009766,
    "sokalmichener": 0.01522517204284668,
    "sokalsneath": 0.015165328979492188
}