{
    "euclidean": 0.0010576248168945312,
    "manhattan": 0.024058103561401367,
    "chebyshev": 0.03454279899597168,
    "sqeuclidean": 0.0009424686431884766,
    "canberra": 0.031234025955200195,
    "mahalanobis": 0.03039073944091797,
    "cosine": 0.0010242462158203125,
    "pearson": 0.020418167114257812,
    "lorentzian": 1.8679006099700928,
    "divergence": 2.196127414703369,
    "hamming": 1.8350865840911865,
    "eskin": 1.9393391609191895,
    "iof": 1.8475618362426758,
    "of": 1.7680869102478027,
    "co-oc": 1.7266316413879395,
    "dilca": 1.7835114002227783,
    "jaccard": 0.0260927677154541,
    "dice": 0.023742198944091797,
    "kulsinski": 0.020123004913330078,
    "rogerstanimoto": 0.02715754508972168,
    "russellrao": 0.024487018585205078,
    "sokalmichener": 0.01679086685180664,
    "sokalsneath": 0.01668548583984375
}