{
    "euclidean": 0.0003120899200439453,
    "manhattan": 0.017169952392578125,
    "chebyshev": 0.017612457275390625,
    "sqeuclidean": 0.00030541419982910156,
    "canberra": 0.015495061874389648,
    "mahalanobis": 0.022528409957885742,
    "cosine": 0.0005066394805908203,
    "lorentzian": 0.07526659965515137,
    "divergence": 0.08809399604797363,
    "hamming": 0.0776665210723877,
    "eskin": 0.07253599166870117,
    "iof": 0.0745396614074707,
    "of": 0.07079815864562988,
    "jaccard": 0.01531982421875,
    "dice": 0.018166065216064453,
    "kulsinski": 0.01750779151916504,
    "rogerstanimoto": 0.015489578247070312,
    "russellrao": 0.016742467880249023,
    "sokalmichener": 0.017061471939086914,
    "sokalsneath": 0.016727924346923828
}