{
    "euclidean": 0.0006804466247558594,
    "manhattan": 0.036203622817993164,
    "chebyshev": 0.018659591674804688,
    "sqeuclidean": 0.0005273818969726562,
    "canberra": 0.015421867370605469,
    "mahalanobis": 0.021786928176879883,
    "cosine": 0.0006442070007324219,
    "pearson": 0.014282941818237305,
    "lorentzian": 0.8314037322998047,
    "divergence": 0.988640308380127,
    "hamming": 0.7090728282928467,
    "eskin": 0.6968772411346436,
    "iof": 0.71551513671875,
    "of": 0.7125439643859863,
    "jaccard": 0.014795303344726562,
    "dice": 0.01517796516418457,
    "kulsinski": 0.015100240707397461,
    "rogerstanimoto": 0.015239953994750977,
    "russellrao": 0.015064001083374023,
    "sokalmichener": 0.015144586563110352,
    "sokalsneath": 0.01501321792602539
}