{
    "euclidean": 0.0009746551513671875,
    "manhattan": 0.028416872024536133,
    "chebyshev": 0.08043646812438965,
    "sqeuclidean": 0.0022940635681152344,
    "canberra": 0.020562171936035156,
    "mahalanobis": 0.035742998123168945,
    "cosine": 0.0015578269958496094,
    "pearson": 0.022737741470336914,
    "lorentzian": 1.8369383811950684,
    "divergence": 2.0507564544677734,
    "hamming": 1.8052468299865723,
    "eskin": 1.8507895469665527,
    "iof": 1.782041072845459,
    "of": 1.7590241432189941,
    "co-oc": 1.8180932998657227,
    "dilca": 1.7780060768127441,
    "jaccard": 0.01490473747253418,
    "dice": 0.029630661010742188,
    "kulsinski": 0.0174410343170166,
    "rogerstanimoto": 0.01786947250366211,
    "russellrao": 0.022135257720947266,
    "sokalmichener": 0.024776220321655273,
    "sokalsneath": 0.015775680541992188
}