{
    "euclidean": 0.20232009887695312,
    "manhattan": 0.12623119354248047,
    "chebyshev": 0.12170052528381348,
    "sqeuclidean": 0.1399078369140625,
    "canberra": 0.13611483573913574,
    "mahalanobis": 0.22382140159606934,
    "cosine": 0.21819257736206055,
    "pearson": 0.1451714038848877,
    "lorentzian": 104.32532978057861,
    "divergence": 144.73925256729126,
    "hamming": 87.56059145927429,
    "eskin": 86.8247742652893,
    "iof": 75.56724143028259,
    "of": 67.98983335494995,
    "co-oc": 1168.2030687332153,
    "dilca": 78.42304849624634,
    "jaccard": 0.35212159156799316,
    "dice": 0.36125779151916504,
    "kulsinski": 0.29975032806396484,
    "rogerstanimoto": 0.21290206909179688,
    "russellrao": 0.21998095512390137,
    "sokalmichener": 0.21062588691711426,
    "sokalsneath": 0.2746860980987549
}