{
    "euclidean": 0.0002727508544921875,
    "manhattan": 0.014416217803955078,
    "chebyshev": 0.015194177627563477,
    "sqeuclidean": 0.0002574920654296875,
    "canberra": 0.014638900756835938,
    "mahalanobis": 0.016653776168823242,
    "cosine": 0.00034999847412109375,
    "pearson": 0.017802953720092773,
    "lorentzian": 0.11264252662658691,
    "divergence": 0.12028956413269043,
    "hamming": 0.1071782112121582,
    "eskin": 0.10146498680114746,
    "iof": 0.10858368873596191,
    "of": 0.10550618171691895,
    "co-oc": 0.10776066780090332,
    "dilca": 0.10690474510192871,
    "jaccard": 0.014497518539428711,
    "dice": 0.01525425910949707,
    "kulsinski": 0.01522207260131836,
    "rogerstanimoto": 0.015117168426513672,
    "russellrao": 0.015166759490966797,
    "sokalmichener": 0.014980077743530273,
    "sokalsneath": 0.015154600143432617
}