{
    "euclidean": 0.0011739730834960938,
    "manhattan": 0.01457834243774414,
    "chebyshev": 0.015318632125854492,
    "sqeuclidean": 0.0007479190826416016,
    "canberra": 0.014682531356811523,
    "mahalanobis": 0.018424510955810547,
    "cosine": 0.0007066726684570312,
    "lorentzian": 1.266451358795166,
    "divergence": 1.5527012348175049,
    "hamming": 1.151005506515503,
    "eskin": 1.1053481101989746,
    "iof": 1.099144458770752,
    "of": 1.1082799434661865,
    "jaccard": 0.014854669570922852,
    "dice": 0.01510930061340332,
    "kulsinski": 0.015166997909545898,
    "rogerstanimoto": 0.015032052993774414,
    "russellrao": 0.015139102935791016,
    "sokalmichener": 0.015273094177246094,
    "sokalsneath": 0.01514887809753418
}