{
    "euclidean": 0.001188039779663086,
    "manhattan": 0.03565192222595215,
    "chebyshev": 0.01507568359375,
    "sqeuclidean": 0.0007808208465576172,
    "canberra": 0.01446080207824707,
    "mahalanobis": 0.01865410804748535,
    "cosine": 0.000926971435546875,
    "pearson": 0.014398813247680664,
    "lorentzian": 1.7592558860778809,
    "divergence": 2.0754497051239014,
    "hamming": 1.5081853866577148,
    "eskin": 1.5005731582641602,
    "iof": 1.5530760288238525,
    "of": 1.6862378120422363,
    "jaccard": 0.018729209899902344,
    "dice": 0.019949913024902344,
    "kulsinski": 0.018715381622314453,
    "rogerstanimoto": 0.015090227127075195,
    "russellrao": 0.022064924240112305,
    "sokalmichener": 0.02779674530029297,
    "sokalsneath": 0.022507667541503906
}