{
    "euclidean": 0.0022127628326416016,
    "manhattan": 0.024805307388305664,
    "chebyshev": 0.023379087448120117,
    "sqeuclidean": 0.0022161006927490234,
    "canberra": 0.021672964096069336,
    "mahalanobis": 0.046056509017944336,
    "cosine": 0.001964092254638672,
    "pearson": 0.014448404312133789,
    "lorentzian": 4.481198310852051,
    "divergence": 6.251216888427734,
    "hamming": 4.274916887283325,
    "eskin": 4.1448729038238525,
    "iof": 4.1808881759643555,
    "of": 4.194859504699707,
    "co-oc": 5.440932273864746,
    "dilca": 4.409735918045044,
    "jaccard": 0.01519775390625,
    "dice": 0.015315532684326172,
    "kulsinski": 0.015714406967163086,
    "rogerstanimoto": 0.019858598709106445,
    "russellrao": 0.018941640853881836,
    "sokalmichener": 0.014991998672485352,
    "sokalsneath": 0.01540517807006836
}