{
    "euclidean": 0.0018620491027832031,
    "manhattan": 0.025771379470825195,
    "chebyshev": 0.036607980728149414,
    "sqeuclidean": 0.0015327930450439453,
    "canberra": 0.02896857261657715,
    "mahalanobis": 0.04290366172790527,
    "cosine": 0.0022058486938476562,
    "pearson": 0.023970603942871094,
    "lorentzian": 4.7113940715789795,
    "divergence": 5.486004114151001,
    "hamming": 3.9709115028381348,
    "eskin": 4.013355016708374,
    "iof": 3.545769453048706,
    "of": 4.097359895706177,
    "co-oc": 4.0181357860565186,
    "dilca": 4.027076244354248,
    "jaccard": 0.02693033218383789,
    "dice": 0.031215429306030273,
    "kulsinski": 0.028366804122924805,
    "rogerstanimoto": 0.03171539306640625,
    "russellrao": 0.03179931640625,
    "sokalmichener": 0.03062605857849121,
    "sokalsneath": 0.02918386459350586
}