{
    "euclidean": 0.0002815723419189453,
    "manhattan": 0.029629945755004883,
    "chebyshev": 0.019419193267822266,
    "sqeuclidean": 0.000240325927734375,
    "canberra": 0.014870882034301758,
    "mahalanobis": 0.020925283432006836,
    "cosine": 0.00038623809814453125,
    "pearson": 0.018419265747070312,
    "lorentzian": 0.030558347702026367,
    "divergence": 0.05199885368347168,
    "hamming": 0.038864850997924805,
    "eskin": 0.04574441909790039,
    "iof": 0.03773212432861328,
    "of": 0.05639219284057617,
    "co-oc": 0.03974103927612305,
    "dilca": 0.04216766357421875,
    "jaccard": 0.01470327377319336,
    "dice": 0.0150146484375,
    "kulsinski": 0.014764785766601562,
    "rogerstanimoto": 0.014937877655029297,
    "russellrao": 0.01794886589050293,
    "sokalmichener": 0.015096426010131836,
    "sokalsneath": 0.014957666397094727
}