{
    "euclidean": 0.006020545959472656,
    "manhattan": 0.028382539749145508,
    "chebyshev": 0.0361940860748291,
    "sqeuclidean": 0.0039670467376708984,
    "canberra": 0.03150367736816406,
    "mahalanobis": 0.04052543640136719,
    "cosine": 0.005793333053588867,
    "pearson": 0.023316621780395508,
    "lorentzian": 12.33970832824707,
    "divergence": 13.564863681793213,
    "hamming": 11.445157051086426,
    "eskin": 10.656804084777832,
    "iof": 9.977895259857178,
    "of": 10.43200421333313,
    "co-oc": 10.812001943588257,
    "dilca": 10.475209474563599,
    "jaccard": 0.015731096267700195,
    "dice": 0.015588998794555664,
    "kulsinski": 0.015265226364135742,
    "rogerstanimoto": 0.015268802642822266,
    "russellrao": 0.0194854736328125,
    "sokalmichener": 0.015403985977172852,
    "sokalsneath": 0.01707601547241211
}