{
    "euclidean": 0.0006453990936279297,
    "manhattan": 0.02292919158935547,
    "chebyshev": 0.03611326217651367,
    "sqeuclidean": 0.0006678104400634766,
    "canberra": 0.022991418838500977,
    "mahalanobis": 0.029369592666625977,
    "cosine": 0.0007052421569824219,
    "pearson": 0.021097183227539062,
    "lorentzian": 0.853801965713501,
    "divergence": 1.061591386795044,
    "hamming": 0.766040563583374,
    "eskin": 0.7618114948272705,
    "iof": 0.8060393333435059,
    "of": 0.7488582134246826,
    "co-oc": 0.9509067535400391,
    "dilca": 0.8293776512145996,
    "jaccard": 0.028604507446289062,
    "dice": 0.018282175064086914,
    "kulsinski": 0.015483379364013672,
    "rogerstanimoto": 0.015429973602294922,
    "russellrao": 0.015329599380493164,
    "sokalmichener": 0.015369415283203125,
    "sokalsneath": 0.015521764755249023
}