{
    "euclidean": 0.0008146762847900391,
    "manhattan": 0.014388799667358398,
    "chebyshev": 0.025753021240234375,
    "sqeuclidean": 0.0005738735198974609,
    "canberra": 0.022716045379638672,
    "mahalanobis": 0.02635359764099121,
    "cosine": 0.0007224082946777344,
    "lorentzian": 1.6055669784545898,
    "divergence": 1.9704158306121826,
    "hamming": 1.7502942085266113,
    "eskin": 1.6828923225402832,
    "iof": 1.683656930923462,
    "of": 1.6514606475830078,
    "co-oc": 1.851485013961792,
    "dilca": 1.738907814025879,
    "jaccard": 0.026253223419189453,
    "dice": 0.048685312271118164,
    "kulsinski": 0.02720022201538086,
    "rogerstanimoto": 0.03189516067504883,
    "russellrao": 0.0323178768157959,
    "sokalmichener": 0.033211469650268555,
    "sokalsneath": 0.03379631042480469
}