{
    "euclidean": 0.0002357959747314453,
    "manhattan": 0.01684880256652832,
    "chebyshev": 0.018436193466186523,
    "sqeuclidean": 0.0002701282501220703,
    "canberra": 0.01492619514465332,
    "mahalanobis": 0.04295945167541504,
    "cosine": 0.0003800392150878906,
    "pearson": 0.014462471008300781,
    "lorentzian": 0.05316305160522461,
    "divergence": 0.05115556716918945,
    "hamming": 0.060073137283325195,
    "eskin": 0.055940866470336914,
    "iof": 0.06800317764282227,
    "of": 0.06800389289855957,
    "jaccard": 0.014444828033447266,
    "dice": 0.01489710807800293,
    "kulsinski": 0.0150299072265625,
    "rogerstanimoto": 0.015049457550048828,
    "russellrao": 0.015008687973022461,
    "sokalmichener": 0.014976739883422852,
    "sokalsneath": 0.015581130981445312
}