{
    "euclidean": 0.002264261245727539,
    "manhattan": 0.02743220329284668,
    "chebyshev": 0.024452924728393555,
    "sqeuclidean": 0.0030829906463623047,
    "canberra": 0.020190715789794922,
    "mahalanobis": 0.03339409828186035,
    "cosine": 0.002390623092651367,
    "pearson": 0.023507118225097656,
    "lorentzian": 4.668276309967041,
    "divergence": 6.202191114425659,
    "hamming": 3.9962358474731445,
    "eskin": 3.928957939147949,
    "iof": 3.914099931716919,
    "of": 3.9246315956115723,
    "jaccard": 0.01507258415222168,
    "dice": 0.015359163284301758,
    "kulsinski": 0.015087604522705078,
    "rogerstanimoto": 0.015729665756225586,
    "russellrao": 0.014873504638671875,
    "sokalmichener": 0.0170590877532959,
    "sokalsneath": 0.014884233474731445
}