{
    "euclidean": 0.0004830360412597656,
    "manhattan": 0.014524221420288086,
    "chebyshev": 0.015221357345581055,
    "sqeuclidean": 0.0004239082336425781,
    "canberra": 0.08924293518066406,
    "mahalanobis": 0.037880897521972656,
    "cosine": 0.0006413459777832031,
    "pearson": 0.014462709426879883,
    "lorentzian": 0.4609699249267578,
    "divergence": 0.5652141571044922,
    "hamming": 0.4362497329711914,
    "eskin": 0.4251523017883301,
    "iof": 0.4133172035217285,
    "of": 0.41753292083740234,
    "jaccard": 0.018642425537109375,
    "dice": 0.015333414077758789,
    "kulsinski": 0.014939308166503906,
    "rogerstanimoto": 0.014934062957763672,
    "russellrao": 0.015419244766235352,
    "sokalmichener": 0.01914834976196289,
    "sokalsneath": 0.014859199523925781
}