{
    "euclidean": 0.0002942085266113281,
    "manhattan": 0.0233614444732666,
    "chebyshev": 0.07638001441955566,
    "sqeuclidean": 0.00042748451232910156,
    "canberra": 0.017835140228271484,
    "mahalanobis": 0.029119491577148438,
    "cosine": 0.0004665851593017578,
    "pearson": 0.018786191940307617,
    "lorentzian": 0.13797640800476074,
    "divergence": 0.1878340244293213,
    "hamming": 0.1413097381591797,
    "eskin": 0.13483572006225586,
    "iof": 0.13468146324157715,
    "of": 0.13856077194213867,
    "co-oc": 0.22223711013793945,
    "dilca": 0.1571817398071289,
    "jaccard": 0.014994144439697266,
    "dice": 0.015166044235229492,
    "kulsinski": 0.015178442001342773,
    "rogerstanimoto": 0.015152692794799805,
    "russellrao": 0.015156030654907227,
    "sokalmichener": 0.01553201675415039,
    "sokalsneath": 0.014792203903198242
}