{
    "euclidean": 0.0002853870391845703,
    "manhattan": 0.01428985595703125,
    "chebyshev": 0.016320228576660156,
    "sqeuclidean": 0.00030422210693359375,
    "canberra": 0.014979839324951172,
    "mahalanobis": 0.01709580421447754,
    "cosine": 0.0003821849822998047,
    "pearson": 0.014363527297973633,
    "lorentzian": 0.09252166748046875,
    "divergence": 0.106689453125,
    "hamming": 0.08444905281066895,
    "eskin": 0.12000775337219238,
    "iof": 0.08169412612915039,
    "of": 0.0832512378692627,
    "jaccard": 0.015151500701904297,
    "dice": 0.015146017074584961,
    "kulsinski": 0.015344381332397461,
    "rogerstanimoto": 0.01508784294128418,
    "russellrao": 0.01513361930847168,
    "sokalmichener": 0.015291929244995117,
    "sokalsneath": 0.015100240707397461
}