{
    "euclidean": 2.793549060821533,
    "manhattan": 1.8949191570281982,
    "chebyshev": 2.0622963905334473,
    "sqeuclidean": 3.3600122928619385,
    "canberra": 1.8731465339660645,
    "mahalanobis": 2.1926681995391846,
    "cosine": 2.307896137237549,
    "pearson": 1.8700199127197266,
    "lorentzian": 2116.578029155731,
    "divergence": 2501.5354545116425,
    "hamming": 1840.9610369205475,
    "eskin": 1945.9750895500183,
    "iof": 1669.4976077079773,
    "of": 1991.0455005168915,
    "co-oc": 1845.4134588241577,
    "dilca": 1797.356238603592,
    "jaccard": 1.9478957653045654,
    "dice": 2.201017141342163,
    "kulsinski": 2.071429491043091,
    "rogerstanimoto": 2.1035842895507812,
    "russellrao": 2.200326919555664,
    "sokalmichener": 2.096011161804199,
    "sokalsneath": 2.0309720039367676
}