{
    "euclidean": 0.00022172927856445312,
    "manhattan": 0.014187097549438477,
    "chebyshev": 0.01678609848022461,
    "sqeuclidean": 0.0003094673156738281,
    "canberra": 0.01474452018737793,
    "mahalanobis": 0.016538619995117188,
    "cosine": 0.00036787986755371094,
    "lorentzian": 0.09203386306762695,
    "divergence": 0.0961618423461914,
    "hamming": 0.08020257949829102,
    "eskin": 0.08593630790710449,
    "iof": 0.08201980590820312,
    "of": 0.0845952033996582,
    "jaccard": 0.016773462295532227,
    "dice": 0.015114784240722656,
    "kulsinski": 0.015105485916137695,
    "rogerstanimoto": 0.014986753463745117,
    "russellrao": 0.0150299072265625,
    "sokalmichener": 0.014966487884521484,
    "sokalsneath": 0.015462398529052734
}