{
    "euclidean": 0.0003390312194824219,
    "manhattan": 0.014332771301269531,
    "chebyshev": 0.015112638473510742,
    "sqeuclidean": 0.00022554397583007812,
    "canberra": 0.015129327774047852,
    "mahalanobis": 0.020307064056396484,
    "cosine": 0.0003783702850341797,
    "pearson": 0.01460719108581543,
    "lorentzian": 0.2532472610473633,
    "divergence": 0.29244041442871094,
    "hamming": 0.20398521423339844,
    "eskin": 0.20569181442260742,
    "iof": 0.19924354553222656,
    "of": 0.22584748268127441,
    "jaccard": 0.017551183700561523,
    "dice": 0.015100240707397461,
    "kulsinski": 0.015109062194824219,
    "rogerstanimoto": 0.014824628829956055,
    "russellrao": 0.01568150520324707,
    "sokalmichener": 0.01883673667907715,
    "sokalsneath": 0.014927387237548828
}