{
    "euclidean": 0.0002658367156982422,
    "manhattan": 0.014389514923095703,
    "chebyshev": 0.015125274658203125,
    "sqeuclidean": 0.0003685951232910156,
    "canberra": 0.014393329620361328,
    "mahalanobis": 0.01707625389099121,
    "cosine": 0.00036716461181640625,
    "pearson": 0.014273405075073242,
    "lorentzian": 0.18968868255615234,
    "divergence": 0.2299213409423828,
    "hamming": 0.16239309310913086,
    "eskin": 0.15986275672912598,
    "iof": 0.16242480278015137,
    "of": 0.1541767120361328,
    "co-oc": 0.1582183837890625,
    "dilca": 0.16015076637268066,
    "jaccard": 0.014441967010498047,
    "dice": 0.015143632888793945,
    "kulsinski": 0.014991283416748047,
    "rogerstanimoto": 0.015099287033081055,
    "russellrao": 0.015290260314941406,
    "sokalmichener": 0.015148162841796875,
    "sokalsneath": 0.015184879302978516
}