{
    "euclidean": 0.0006756782531738281,
    "manhattan": 0.02802872657775879,
    "chebyshev": 0.027147293090820312,
    "sqeuclidean": 0.0012590885162353516,
    "canberra": 0.030096769332885742,
    "mahalanobis": 0.026540517807006836,
    "cosine": 0.000926971435546875,
    "pearson": 0.0200808048248291,
    "lorentzian": 0.8195981979370117,
    "divergence": 1.0747873783111572,
    "hamming": 0.731736421585083,
    "eskin": 0.7292702198028564,
    "iof": 0.7532243728637695,
    "of": 0.7774271965026855,
    "co-oc": 0.957094669342041,
    "dilca": 0.8499376773834229,
    "jaccard": 0.015047550201416016,
    "dice": 0.015644073486328125,
    "kulsinski": 0.01686382293701172,
    "rogerstanimoto": 0.01531219482421875,
    "russellrao": 0.01530003547668457,
    "sokalmichener": 0.07118344306945801,
    "sokalsneath": 0.019521713256835938
}