{
    "euclidean": 0.0005548000335693359,
    "manhattan": 0.02823019027709961,
    "chebyshev": 0.023215770721435547,
    "sqeuclidean": 0.0003540515899658203,
    "canberra": 0.01599907875061035,
    "mahalanobis": 0.018009662628173828,
    "cosine": 0.0005388259887695312,
    "pearson": 0.014437198638916016,
    "lorentzian": 0.42894411087036133,
    "divergence": 0.4965033531188965,
    "hamming": 0.39481353759765625,
    "eskin": 0.3903830051422119,
    "iof": 0.38147735595703125,
    "of": 0.37444090843200684,
    "co-oc": 0.38434624671936035,
    "dilca": 0.37692975997924805,
    "jaccard": 0.014644622802734375,
    "dice": 0.015448808670043945,
    "kulsinski": 0.016204833984375,
    "rogerstanimoto": 0.01808762550354004,
    "russellrao": 0.015279531478881836,
    "sokalmichener": 0.015011310577392578,
    "sokalsneath": 0.014997005462646484
}