{
    "euclidean": 0.001146078109741211,
    "manhattan": 0.024821996688842773,
    "chebyshev": 0.03297877311706543,
    "sqeuclidean": 0.0016179084777832031,
    "canberra": 0.02063584327697754,
    "mahalanobis": 0.030684471130371094,
    "cosine": 0.00104522705078125,
    "pearson": 0.016693115234375,
    "lorentzian": 2.0234880447387695,
    "divergence": 2.4971156120300293,
    "hamming": 1.7407612800598145,
    "eskin": 1.7516043186187744,
    "iof": 1.7220418453216553,
    "of": 1.7670025825500488,
    "co-oc": 1.7712037563323975,
    "dilca": 1.7537269592285156,
    "jaccard": 0.015060186386108398,
    "dice": 0.014689445495605469,
    "kulsinski": 0.014863729476928711,
    "rogerstanimoto": 0.014371871948242188,
    "russellrao": 0.014228343963623047,
    "sokalmichener": 0.014492034912109375,
    "sokalsneath": 0.018512964248657227
}