{
    "euclidean": 2.1700708866119385,
    "manhattan": 1.2999370098114014,
    "chebyshev": 1.2824134826660156,
    "sqeuclidean": 2.0557262897491455,
    "canberra": 1.3437819480895996,
    "mahalanobis": 1.3258841037750244,
    "cosine": 2.0795741081237793,
    "pearson": 1.2686150074005127,
    "lorentzian": 1761.4173245429993,
    "divergence": 1746.0698211193085,
    "hamming": 1515.3558192253113,
    "eskin": 1209.1206204891205,
    "iof": 1203.001758813858,
    "of": 1410.604877948761,
    "jaccard": 1.5241711139678955,
    "dice": 1.5619096755981445,
    "kulsinski": 1.564267635345459,
    "rogerstanimoto": 1.4396693706512451,
    "russellrao": 1.4675710201263428,
    "sokalmichener": 1.6145460605621338,
    "sokalsneath": 1.607912302017212
}