{
    "euclidean": 0.0002741813659667969,
    "manhattan": 0.10702633857727051,
    "chebyshev": 0.016974449157714844,
    "sqeuclidean": 0.0005717277526855469,
    "canberra": 0.015452146530151367,
    "mahalanobis": 0.13122081756591797,
    "cosine": 0.0004749298095703125,
    "lorentzian": 0.06423354148864746,
    "divergence": 0.07511162757873535,
    "hamming": 0.0574345588684082,
    "eskin": 0.06276130676269531,
    "iof": 0.05149340629577637,
    "of": 0.049683332443237305,
    "jaccard": 0.015698909759521484,
    "dice": 0.015210390090942383,
    "kulsinski": 0.01500248908996582,
    "rogerstanimoto": 0.015266180038452148,
    "russellrao": 0.014933347702026367,
    "sokalmichener": 0.015177488327026367,
    "sokalsneath": 0.015165567398071289
}