{
    "euclidean": 0.012243032455444336,
    "manhattan": 0.036086082458496094,
    "chebyshev": 0.025651216506958008,
    "sqeuclidean": 0.009056568145751953,
    "canberra": 0.0391695499420166,
    "mahalanobis": 0.0708305835723877,
    "cosine": 0.011380672454833984,
    "lorentzian": 33.637409687042236,
    "divergence": 39.72925662994385,
    "hamming": 29.17856740951538,
    "eskin": 28.66421604156494,
    "iof": 24.58623218536377,
    "of": 24.328630447387695,
    "co-oc": 25.50457000732422,
    "dilca": 24.21013307571411,
    "jaccard": 0.02115941047668457,
    "dice": 0.03277468681335449,
    "kulsinski": 0.02711319923400879,
    "rogerstanimoto": 0.031874656677246094,
    "russellrao": 0.02893805503845215,
    "sokalmichener": 0.03074789047241211,
    "sokalsneath": 0.024778127670288086
}