{
    "euclidean": 0.0002288818359375,
    "manhattan": 0.014375925064086914,
    "chebyshev": 0.015298604965209961,
    "sqeuclidean": 0.0002849102020263672,
    "canberra": 0.014650583267211914,
    "mahalanobis": 0.016594409942626953,
    "cosine": 0.00045418739318847656,
    "pearson": 0.014317750930786133,
    "lorentzian": 0.049535274505615234,
    "divergence": 0.06756019592285156,
    "hamming": 0.05053591728210449,
    "eskin": 0.0493779182434082,
    "iof": 0.05089521408081055,
    "of": 0.0497281551361084,
    "jaccard": 0.014235973358154297,
    "dice": 0.01515507698059082,
    "kulsinski": 0.015128612518310547,
    "rogerstanimoto": 0.015246391296386719,
    "russellrao": 0.014832258224487305,
    "sokalmichener": 0.015085220336914062,
    "sokalsneath": 0.015027046203613281
}