{
    "euclidean": 0.011786699295043945,
    "manhattan": 0.052254676818847656,
    "chebyshev": 0.026163578033447266,
    "sqeuclidean": 0.012275934219360352,
    "canberra": 0.03151702880859375,
    "mahalanobis": 0.09072279930114746,
    "cosine": 0.010508537292480469,
    "pearson": 0.04659080505371094,
    "lorentzian": 8.13915228843689,
    "divergence": 11.0549156665802,
    "hamming": 8.108082056045532,
    "eskin": 8.011380910873413,
    "iof": 8.525002717971802,
    "of": 8.987813711166382,
    "co-oc": 6470.925545454025,
    "dilca": 1240.5776410102844,
    "jaccard": 0.46503353118896484,
    "dice": 0.08617281913757324,
    "kulsinski": 0.10276556015014648,
    "rogerstanimoto": 0.07582354545593262,
    "russellrao": 0.0656731128692627,
    "sokalmichener": 0.05820584297180176,
    "sokalsneath": 0.09389472007751465
}