{
    "euclidean": 0.0006325244903564453,
    "manhattan": 0.028117895126342773,
    "chebyshev": 0.01730179786682129,
    "sqeuclidean": 0.0004260540008544922,
    "canberra": 0.018472671508789062,
    "mahalanobis": 0.02226853370666504,
    "cosine": 0.0005924701690673828,
    "pearson": 0.015388011932373047,
    "lorentzian": 0.6725354194641113,
    "divergence": 0.8272640705108643,
    "hamming": 0.6266603469848633,
    "eskin": 0.6056704521179199,
    "iof": 0.6105835437774658,
    "of": 0.6074414253234863,
    "co-oc": 0.6375393867492676,
    "dilca": 0.6422023773193359,
    "jaccard": 0.014905929565429688,
    "dice": 0.01535177230834961,
    "kulsinski": 0.015134811401367188,
    "rogerstanimoto": 0.014994382858276367,
    "russellrao": 0.015246868133544922,
    "sokalmichener": 0.014970541000366211,
    "sokalsneath": 0.015241622924804688
}