{
    "euclidean": 0.0002384185791015625,
    "manhattan": 0.034099578857421875,
    "chebyshev": 0.020007610321044922,
    "sqeuclidean": 0.0003616809844970703,
    "canberra": 0.023088455200195312,
    "mahalanobis": 0.02083611488342285,
    "cosine": 0.00043201446533203125,
    "pearson": 0.018213510513305664,
    "lorentzian": 0.0684211254119873,
    "divergence": 0.0772092342376709,
    "hamming": 0.0780336856842041,
    "eskin": 0.07804250717163086,
    "iof": 0.07798218727111816,
    "of": 0.07594704627990723,
    "jaccard": 0.015083789825439453,
    "dice": 0.016248226165771484,
    "kulsinski": 0.015172004699707031,
    "rogerstanimoto": 0.01462244987487793,
    "russellrao": 0.017714738845825195,
    "sokalmichener": 0.014994382858276367,
    "sokalsneath": 0.0168759822845459
}