{
    "euclidean": 0.0004551410675048828,
    "manhattan": 0.027345895767211914,
    "chebyshev": 0.024148225784301758,
    "sqeuclidean": 0.0003643035888671875,
    "canberra": 0.01974177360534668,
    "mahalanobis": 0.017494678497314453,
    "cosine": 0.0005018711090087891,
    "pearson": 0.06704473495483398,
    "lorentzian": 0.3470757007598877,
    "divergence": 0.4086928367614746,
    "hamming": 0.3032205104827881,
    "eskin": 0.3273437023162842,
    "iof": 0.2977449893951416,
    "of": 0.3003532886505127,
    "co-oc": 0.29376721382141113,
    "dilca": 0.31088685989379883,
    "jaccard": 0.014597415924072266,
    "dice": 0.015180587768554688,
    "kulsinski": 0.015170574188232422,
    "rogerstanimoto": 0.01504969596862793,
    "russellrao": 0.015130281448364258,
    "sokalmichener": 0.015032052993774414,
    "sokalsneath": 0.015138387680053711
}