{
    "euclidean": 0.0002911090850830078,
    "manhattan": 0.014546871185302734,
    "chebyshev": 0.014853715896606445,
    "sqeuclidean": 0.0002808570861816406,
    "canberra": 0.014711380004882812,
    "mahalanobis": 0.01691889762878418,
    "cosine": 0.000392913818359375,
    "pearson": 0.01459050178527832,
    "lorentzian": 0.12349987030029297,
    "divergence": 0.1752948760986328,
    "hamming": 0.11260318756103516,
    "eskin": 0.11747908592224121,
    "iof": 0.12405037879943848,
    "of": 0.12142443656921387,
    "co-oc": 0.11835861206054688,
    "dilca": 0.11733412742614746,
    "jaccard": 0.018334150314331055,
    "dice": 0.015080451965332031,
    "kulsinski": 0.01514887809753418,
    "rogerstanimoto": 0.015005826950073242,
    "russellrao": 0.015016794204711914,
    "sokalmichener": 0.015101194381713867,
    "sokalsneath": 0.017160415649414062
}