{
    "euclidean": 0.0027348995208740234,
    "manhattan": 0.027862071990966797,
    "chebyshev": 0.023559093475341797,
    "sqeuclidean": 0.0016021728515625,
    "canberra": 0.022017478942871094,
    "mahalanobis": 0.027561664581298828,
    "cosine": 0.0021696090698242188,
    "pearson": 0.021620512008666992,
    "lorentzian": 5.725931644439697,
    "divergence": 6.843157768249512,
    "hamming": 4.800251722335815,
    "eskin": 4.795863628387451,
    "iof": 4.844109058380127,
    "of": 4.880903959274292,
    "jaccard": 0.015028715133666992,
    "dice": 0.015572547912597656,
    "kulsinski": 0.015408992767333984,
    "rogerstanimoto": 0.01519775390625,
    "russellrao": 0.015473604202270508,
    "sokalmichener": 0.015346765518188477,
    "sokalsneath": 0.015362977981567383
}