{
    "euclidean": 0.0027627944946289062,
    "manhattan": 0.026554346084594727,
    "chebyshev": 0.0238645076751709,
    "sqeuclidean": 0.001672983169555664,
    "canberra": 0.022516965866088867,
    "mahalanobis": 0.03148818016052246,
    "cosine": 0.002256155014038086,
    "pearson": 0.018346786499023438,
    "lorentzian": 5.5996620655059814,
    "divergence": 6.663642644882202,
    "hamming": 4.885055780410767,
    "eskin": 4.824599504470825,
    "iof": 4.845715045928955,
    "of": 4.85020112991333,
    "jaccard": 0.015101909637451172,
    "dice": 0.014834880828857422,
    "kulsinski": 0.015121936798095703,
    "rogerstanimoto": 0.015323638916015625,
    "russellrao": 0.014976978302001953,
    "sokalmichener": 0.01518559455871582,
    "sokalsneath": 0.014701604843139648
}