{
    "euclidean": 0.0026769638061523438,
    "manhattan": 0.02561020851135254,
    "chebyshev": 0.027550697326660156,
    "sqeuclidean": 0.0016014575958251953,
    "canberra": 0.018511056900024414,
    "mahalanobis": 0.031134605407714844,
    "cosine": 0.0021753311157226562,
    "pearson": 0.022051572799682617,
    "lorentzian": 5.531411409378052,
    "divergence": 6.634032249450684,
    "hamming": 4.814288854598999,
    "eskin": 4.875722408294678,
    "iof": 4.876458406448364,
    "of": 4.790450811386108,
    "jaccard": 0.014835119247436523,
    "dice": 0.015588998794555664,
    "kulsinski": 0.015141487121582031,
    "rogerstanimoto": 0.014951467514038086,
    "russellrao": 0.015325307846069336,
    "sokalmichener": 0.01526641845703125,
    "sokalsneath": 0.015261173248291016
}