{
    "euclidean": 0.0026941299438476562,
    "manhattan": 0.03189373016357422,
    "chebyshev": 0.015988826751708984,
    "sqeuclidean": 0.0017116069793701172,
    "canberra": 0.022084474563598633,
    "mahalanobis": 0.029983997344970703,
    "cosine": 0.010880470275878906,
    "pearson": 0.02286386489868164,
    "lorentzian": 5.561779499053955,
    "divergence": 6.592885971069336,
    "hamming": 4.895895957946777,
    "eskin": 4.843079090118408,
    "iof": 4.81246280670166,
    "of": 4.83293890953064,
    "jaccard": 0.014899730682373047,
    "dice": 0.015223503112792969,
    "kulsinski": 0.014878034591674805,
    "rogerstanimoto": 0.015305519104003906,
    "russellrao": 0.015086650848388672,
    "sokalmichener": 0.015113115310668945,
    "sokalsneath": 0.0146942138671875
}