{
    "euclidean": 0.002554655075073242,
    "manhattan": 0.028574228286743164,
    "chebyshev": 0.023077964782714844,
    "sqeuclidean": 0.0024580955505371094,
    "canberra": 0.02263331413269043,
    "mahalanobis": 0.026862144470214844,
    "cosine": 0.002078533172607422,
    "pearson": 0.0218503475189209,
    "lorentzian": 4.5999836921691895,
    "divergence": 6.164241075515747,
    "hamming": 3.982367992401123,
    "eskin": 3.9109723567962646,
    "iof": 3.900949239730835,
    "of": 3.9754831790924072,
    "jaccard": 0.014822006225585938,
    "dice": 0.01529383659362793,
    "kulsinski": 0.015060663223266602,
    "rogerstanimoto": 0.0166780948638916,
    "russellrao": 0.015302896499633789,
    "sokalmichener": 0.015061140060424805,
    "sokalsneath": 0.017506122589111328
}