{
    "36_1062": 31.55751633644104,
    "288_1517": 65.60805153846741,
    "55_476": 23.188810348510742,
    "247_476": 20.152563095092773,
    "309_683": 23.329634428024292,
    "466_683": 24.701589584350586,
    "289_1060": 19.33183240890503,
    "277_1516": 58.11666965484619,
    "280_1516": 79.18779158592224,
    "41_1473": 26.884812593460083,
    "248_1064": 27.35590434074402,
    "16_1465": 77.98642325401306,
    "325_1465": 75.02626156806946,
    "26_1061": 31.930567264556885,
    "88_1519": 47.03364586830139,
    "440_1519": 60.81292414665222,
    "53_1059": 57.34906625747681,
    "330_1059": 38.41225624084473,
    "470_1059": 48.49932146072388,
    "207_1513": 37.057743549346924,
    "319_1513": 44.507558822631836,
    "461_1450": 37.87411618232727,
    "337_1075": 38.106932163238525,
    "72_1066": 91.3282835483551,
    "116_1413": 55.86522054672241,
    "210_42186": 41.10210680961609,
    "220_1413": 54.172842264175415,
    "320_42186": 34.23268103599548,
    "367_1413": 37.27332282066345,
    "368_42261": 48.143643856048584,
    "493_41950": 56.13723039627075,
    "416_41976": 117.32793498039246,
    "484_41976": 87.02096152305603,
    "286_329": 47.94405174255371,
    "358_329": 36.952224254608154,
    "172_1520": 204.733136177063,
    "10_1490": 62.009953022003174,
    "263_1490": 57.381736040115356,
    "168_1448": 78.74649000167847,
    "106_1488": 66.15238332748413,
    "250_1488": 60.69104242324829,
    "94_1499": 79.5057020187378,
    "129_1500": 74.30619788169861,
    "224_1500": 98.39977622032166,
    "34_952": 130.2383270263672,
    "335_952": 136.1415400505066,
    "383_41": 132.99773335456848,
    "296_41939": 230.31551551818848,
    "397_41939": 138.65219616889954,
    "137_1442": 123.01398396492004,
    "42_53": 113.09145331382751,
    "43_41430": 357.0542457103729,
    "64_41981": 1108.9856085777283,
    "120_1523": 138.10347485542297,
    "132_1523": 164.4266836643219,
    "157_1523": 119.72363996505737,
    "241_694": 227.25324702262878,
    "334_1523": 125.34303879737854,
    "321_1447": 77.7169439792633,
    "328_1447": 101.08290529251099,
    "410_39": 137.2855396270752,
    "468_1482": 868.8778505325317,
    "24_59": 106.2329535484314,
    "343_59": 253.44110202789307,
    "346_59": 119.3433084487915,
    "476_4340": 152.0458300113678,
    "65_1065": 173.58506202697754,
    "117_1065": 286.3259265422821,
    "357_40496": 228.99698114395142,
    "61_41919": 580.4686000347137,
    "70_1467": 273.3704845905304,
    "379_1467": 202.9766185283661,
    "409_1467": 241.0981047153473,
    "140_1510": 184.13268280029297,
    "121_11": 172.1022412776947,
    "177_11": 254.1356906890869,
    "95_1443": 249.38860487937927,
    "218_15": 341.3008666038513,
    "90_1451": 274.7650020122528,
    "52_1464": 211.76519536972046,
    "170_1464": 301.5247755050659,
    "260_1464": 259.7045123577118,
    "324_1464": 259.98522901535034,
    "317_37": 310.6957802772522,
    "423_458": 1876.5613424777985,
    "161_54": 667.6284992694855,
    "238_311": 482.6456778049469,
    "380_1547": 579.7624309062958,
    "450_1547": 506.48300290107727,
    "364_679": 513.0371844768524,
    "386_679": 517.8679633140564,
    "152_1444": 889.4648413658142,
    "473_1494": 665.4073295593262,
    "282_1453": 459.9361639022827,
    "101_1543": 813.3840177059174,
    "347_1543": 783.0731790065765,
    "498_1543": 789.9998641014099,
    "93_1546": 1003.6027674674988,
    "447_1546": 1038.9642152786255,
    "480_1546": 856.6648206710815,
    "209_1542": 1488.7123029232025,
    "331_1545": 1189.6018521785736,
    "171_1544": 1132.0838668346405,
    "483_1544": 1493.0911965370178,
    "499_1049": 1605.815046787262,
    "254_181": 2193.981253862381,
    "311_181": 3529.719743013382,
    "465_181": 3327.6659891605377,
    "283_1530": 1642.0350608825684,
    "50_1529": 1527.3893492221832,
    "200_1529": 1531.5729985237122,
    "284_1529": 1595.857501745224,
    "435_1529": 1549.427608013153,
    "403_1050": 876.5362849235535,
    "437_1050": 1315.4341177940369,
    "173_40691": 1190.8750700950623,
    "180_1493": 54289.51168489456,
    "233_40691": 2094.358604669571,
    "266_1493": 46349.615441799164,
    "48_1492": 23880.131424427032,
    "57_1492": 23687.004962444305,
    "292_1491": 50166.189398765564,
    "341_1492": 39631.82877969742,
    "56_41829": 1250.807109594345,
    "193_41830": 1151.6586644649506,
    "303_41829": 1497.313443660736,
    "415_41811": 1467.056297302246,
    "14_41849": 1468.133103609085,
    "22_41872": 1723.7593643665314,
    "29_41756": 1569.1443510055542,
    "33_41857": 1664.5390312671661,
    "54_41874": 1754.787603378296,
    "80_41882": 1212.4985568523407,
    "138_41788": 1548.3322520256042,
    "139_41815": 1748.9468688964844,
    "162_41826": 1509.3169269561768,
    "166_41867": 1147.7366647720337,
    "188_41848": 1248.6636426448822,
    "204_41754": 1113.8236901760101,
    "212_41882": 1169.5285592079163,
    "231_41733": 1129.1654090881348,
    "237_41864": 1739.7005836963654,
    "264_41872": 1063.0435118675232,
    "270_41785": 1485.2679159641266,
    "275_41849": 1499.4662930965424,
    "298_41826": 1626.451322555542,
    "305_41826": 1471.0282423496246,
    "327_41744": 1082.0267465114594,
    "344_41724": 1823.2708191871643,
    "350_41821": 1321.0126039981842,
    "363_41826": 1462.8251571655273,
    "389_41864": 1265.3557574748993,
    "392_41897": 1496.1357333660126,
    "394_41826": 1170.5933756828308,
    "398_41826": 1657.425627231598,
    "421_41756": 1313.037011384964,
    "427_41724": 1261.1227040290833,
    "431_41785": 1099.543868780136,
    "442_41874": 1679.4501094818115,
    "472_41882": 1691.5245356559753,
    "60_41875": 1209.494995355606,
    "112_41834": 1310.5224676132202,
    "189_41834": 1612.9234051704407,
    "458_41803": 1735.2568776607513,
    "1_41726": 1347.1664502620697,
    "4_41760": 1201.5069212913513,
    "35_41818": 1207.0434913635254,
    "39_41760": 1407.5791273117065,
    "151_41784": 1083.5186517238617,
    "246_41760": 1266.6778490543365,
    "249_41716": 1459.4677636623383,
    "253_41764": 1515.3939497470856,
    "278_41726": 1592.8720486164093,
    "291_41760": 1110.556928396225,
    "297_41839": 1357.0742955207825,
    "313_41721": 1498.1124172210693,
    "315_41818": 1306.3478486537933,
    "359_41716": 1538.793621301651,
    "418_41839": 1106.6845395565033,
    "430_41784": 1303.7521708011627,
    "436_41726": 1131.210811138153,
    "441_41764": 1702.5562427043915,
    "464_41866": 1188.526332616806,
    "485_41839": 1250.9353032112122,
    "37_41797": 1391.3544750213623,
    "128_41722": 1327.8454513549805,
    "148_41844": 1949.1208982467651,
    "232_41844": 1106.5501234531403,
    "273_41722": 1145.5439071655273,
    "276_41797": 2078.61802816391,
    "310_41766": 1854.9418303966522,
    "353_41766": 1469.9431784152985,
    "395_41858": 1223.7653858661652,
    "404_41766": 1561.6450493335724,
    "411_41858": 1456.2662029266357,
    "469_41858": 1547.5423197746277,
    "487_41722": 1595.9746344089508,
    "491_41766": 1459.1053342819214,
    "111_41783": 1508.6910977363586,
    "244_41847": 1667.1089217662811,
    "377_41783": 1429.5826766490936,
    "453_41783": 1741.2281420230865,
    "9_41791": 1401.8621764183044,
    "13_41812": 1523.5866739749908,
    "99_41863": 1136.9423966407776,
    "262_41812": 1989.749948501587,
    "86_1504": 1408.8833618164062,
    "365_1504": 2991.318417787552,
    "118_14": 14418.253736019135,
    "149_18": 6266.902940750122,
    "181_18": 2801.8163452148438,
    "301_14": 7178.911403417587,
    "366_18": 4865.595658302307,
    "126_1067": 1786.5842461585999,
    "497_1067": 2347.1057460308075,
    "91_1466": 6645.42721414566,
    "46_36": 5530.762302160263,
    "68_36": 4732.464043855667,
    "127_36": 5512.173699140549,
    "5_1487": 4328.752822160721,
    "141_1487": 4024.4077608585358,
    "219_1527": 3971.65744805336,
    "227_1527": 4413.876051902771,
    "84_41156": 13859.226425647736,
    "213_41156": 7597.690089225769,