{
    "36_1062": 31.55751633644104,
    "288_1517": 65.60805153846741,
    "55_476": 23.188810348510742,
    "247_476": 20.152563095092773,
    "309_683": 23.329634428024292,
    "466_683": 24.701589584350586,
    "289_1060": 19.33183240890503,
    "277_1516": 58.11666965484619,
    "280_1516": 79.18779158592224,
    "41_1473": 26.884812593460083,
    "248_1064": 27.35590434074402,
    "16_1465": 77.98642325401306,
    "325_1465": 75.02626156806946,
    "26_1061": 31.930567264556885,
    "88_1519": 47.03364586830139,
    "440_1519": 60.81292414665222,
    "53_1059": 57.34906625747681,
    "330_1059": 38.41225624084473,
    "470_1059": 48.49932146072388,
    "207_1513": 37.057743549346924,
    "319_1513": 44.507558822631836,
    "461_1450": 37.87411618232727,
    "337_1075": 38.106932163238525,
    "72_1066": 91.3282835483551,
    "116_1413": 55.86522054672241,
    "210_42186": 41.10210680961609,
    "220_1413": 54.172842264175415,
    "320_42186": 34.23268103599548,
    "367_1413": 37.27332282066345,
    "368_42261": 48.143643856048584,
    "493_41950": 56.13723039627075,
    "416_41976": 117.32793498039246,
    "484_41976": 87.02096152305603,
    "286_329": 47.94405174255371,
    "358_329": 36.952224254608154,
    "172_1520": 204.733136177063,
    "10_1490": 62.009953022003174,
    "263_1490": 57.381736040115356,
    "168_1448": 78.74649000167847,
    "106_1488": 66.15238332748413,
    "250_1488": 60.69104242324829,
    "94_1499": 79.5057020187378,
    "129_1500": 74.30619788169861,
    "224_1500": 98.39977622032166,
    "34_952": 130.2383270263672,
    "335_952": 136.1415400505066,
    "383_41": 132.99773335456848,
    "296_41939": 230.31551551818848,
    "397_41939": 138.65219616889954,
    "137_1442": 123.01398396492004,
    "42_53": 113.09145331382751,
    "43_41430": 357.0542457103729,
    "64_41981": 1108.9856085777283,
    "120_1523": 138.10347485542297,
    "132_1523": 164.4266836643219,
    "157_1523": 119.72363996505737,
    "241_694": 227.25324702262878,
    "334_1523": 125.34303879737854,
    "321_1447": 77.7169439792633,
    "328_1447": 101.08290529251099,
    "410_39": 137.2855396270752,
    "468_1482": 868.8778505325317,
    "24_59": 106.2329535484314,
    "343_59": 253.44110202789307,
    "346_59": 119.3433084487915,
    "476_4340": 152.0458300113678,
    "65_1065": 173.58506202697754,
    "117_1065": 286.3259265422821,
    "357_40496": 228.99698114395142,
    "61_41919": 580.4686000347137,
    "70_1467": 273.3704845905304,
    "379_1467": 202.9766185283661,
    "409_1467": 241.0981047153473,
    "140_1510": 184.13268280029297,
    "121_11": 172.1022412776947,
    "177_11": 254.1356906890869,
    "95_1443": 249.38860487937927,
    "218_15": 341.3008666038513,
    "90_1451": 274.7650020122528,
    "52_1464": 211.76519536972046,
    "170_1464": 301.5247755050659,
    "260_1464": 259.7045123577118,
    "324_1464": 259.98522901535034,
    "317_37": 310.6957802772522,
    "423_458": 1876.5613424777985,
    "161_54": 667.6284992694855,
    "238_311": 482.6456778049469,
    "380_1547": 579.7624309062958,
    "450_1547": 506.48300290107727,
    "364_679": 513.0371844768524,
    "386_679": 517.8679633140564,
    "152_1444": 889.4648413658142,
    "473_1494": 665.4073295593262,
    "282_1453": 459.9361639022827,
    "101_1543": 813.3840177059174,
    "347_1543": 783.0731790065765,
    "498_1543": 789.9998641014099,
    "93_1546": 1003.6027674674988,
    "447_1546": 1038.9642152786255,
    "480_1546": 856.6648206710815,
    "209_1542": 1488.7123029232025,
    "331_1545": 1189.6018521785736,
    "171_1544": 1132.0838668346405,
    "483_1544": 1493.0911965370178,
    "499_1049": 1605.815046787262,
    "254_181": 2193.981253862381,
    "311_181": 3529.719743013382,
    "465_181": 3327.6659891605377,
    "283_1530": 1642.0350608825684,
    "50_1529": 1527.3893492221832,
    "200_1529": 1531.5729985237122,
    "284_1529": 1595.857501745224,
    "435_1529": 1549.427608013153,
    "403_1050": 876.5362849235535,
    "437_1050": 1315.4341177940369,
    "173_40691": 1190.8750700950623
}