{
    "0_41748": 432.1166036128998,
    "1_41726": 61.632625102996826,
    "2_41774": 354.8974061012268,
    "3_41896": 448.18879103660583,
    "4_41760": 58.45010042190552,
    "5_1487": 117.48578071594238,
    "6_41718": 351.63183069229126,
    "7_41817": 329.812299489975,
    "8_41799": 388.77642250061035,
    "9_41791": 56.54412031173706,
    "10_1490": 6.302412986755371,
    "11_41708": 355.575528383255,
    "12_41850": 424.33939266204834,
    "13_41812": 64.67538332939148,
    "14_41849": 61.45736765861511,
    "15_41798": 332.6745533943176,
    "16_1465": 4.713738918304443,
    "17_41711": 385.706839799881,
    "18_41728": 400.5299632549286,
    "19_41228": 496.7555272579193,
    "20_1502": 336.98212242126465,
    "21_30": 206.69507670402527,
    "22_41872": 65.80950689315796,
    "23_41777": 349.6662600040436,
    "24_59": 11.687422275543213,
    "25_41767": 364.26668524742126,
    "26_1061": 4.196771144866943,
    "27_357": 1312.3996365070343,
    "28_310": 394.31159687042236,
    "29_41756": 62.35817813873291,
    "30_41228": 467.5173921585083,
    "31_41869": 394.061311006546,
    "32_1242": 1071.737142086029,
    "33_41857": 73.28724455833435,
    "34_952": 7.306290864944458,
    "35_41818": 61.81922149658203,
    "36_1062": 2.6444625854492188,
    "37_41797": 60.98312735557556,
    "38_41833": 399.1704692840576,
    "39_41760": 61.64659667015076,
    "40_41782": 340.850093126297,
    "41_1473": 3.6580729484558105,
    "42_53": 8.531195878982544,
    "43_41430": 19.89777135848999,
    "44_41859": 441.77369356155396,
    "45_41802": 338.7933931350708,
    "46_36": 125.14598631858826,
    "47_41748": 440.06299448013306,
    "48_1492": 82.78363370895386,
    "49_41751": 340.0037760734558,
    "50_1529": 47.29893207550049,
    "51_41228": 413.39959692955017,
    "52_1464": 23.856998205184937,
    "53_1059": 8.5055410861969,
    "54_41874": 96.10052919387817,
    "55_476": 2.578725576400757,
    "56_41829": 58.966707944869995,
    "57_1492": 78.82051849365234,
    "58_41885": 354.0389757156372,
    "59_41877": 339.1468195915222,
    "60_41875": 59.061697006225586,
    "61_41919": 23.408135890960693,
    "62_153": 342.56960105895996,
    "63_41752": 294.09876775741577,
    "64_41981": 28.123249769210815,
    "65_1065": 16.482460498809814,
    "66_41779": 412.8403203487396,
    "67_310": 275.789094209671,
    "68_36": 73.79273891448975,
    "69_1534": 259.4891290664673,
    "70_1467": 24.032464742660522,
    "71_1533": 262.4199514389038,
    "72_1066": 13.706494331359863,
    "73_41822": 289.12619400024414,
    "74_41887": 263.19304156303406,
    "75_1537": 248.93090915679932,
    "76_41745": 258.90969038009644,
    "77_41735": 250.72473740577698,
    "78_41886": 238.1273970603943,
    "79_1496": 264.73214077949524,
    "80_41882": 49.56272292137146,
    "81_1459": 240.86379623413086,
    "82_41745": 245.91015362739563,
    "83_4154": 393.91075468063354,
    "84_41156": 136.6099317073822,
    "85_41892": 212.92412781715393,
    "86_1504": 43.52027654647827,
    "87_159": 210.77166771888733,
    "88_1519": 2.6613073348999023,
    "89_41767": 317.539511680603,
    "90_1451": 15.092901706695557,
    "91_1466": 59.37747836112976,
    "92_159": 233.92075109481812,
    "93_1546": 21.059647798538208,
    "94_1499": 5.208627223968506,
    "95_1443": 17.79717993736267,
    "96_41842": 280.2442011833191,
    "97_41825": 231.40613508224487,
    "98_1056": 289.0076551437378,
    "99_41863": 35.109184980392456,
    "100_1216": 242.37525582313538,
    "101_1543": 21.282449960708618,
    "102_41714": 241.33696055412292,
    "103_1069": 247.42084217071533,
    "104_159": 233.43662786483765,
    "105_41851": 553.8808686733246,
    "106_1488": 8.55574369430542,
    "107_41810": 344.04625940322876,
    "108_41836": 246.94198536872864,
    "109_41167": 340.38368582725525,
    "110_41027": 223.92808055877686,
    "111_41783": 35.710442304611206,
    "112_41834": 32.480013608932495,
    "113_41825": 317.726744890213,
    "114_41715": 228.39749693870544,
    "115_41896": 261.0285382270813,
    "116_1413": 2.621584415435791,
    "117_1065": 19.1665198802948,
    "118_14": 104.79875659942627,
    "119_41166": 316.58045959472656,
    "120_1523": 5.350834131240845,
    "121_11": 14.469210624694824,
    "122_41774": 229.77085876464844,
    "123_42477": 244.97160482406616,
    "124_41860": 290.82471919059753,
    "125_1222": 195.4283802509308,
    "126_1067": 53.642961263656616,
    "127_36": 76.27457594871521,
    "128_41722": 33.15292453765869,
    "129_1500": 3.6944143772125244,
    "130_41778": 493.95839953422546,
    "131_357": 931.7507147789001,
    "132_1523": 5.734615325927734,
    "133_4154": 418.35867500305176,
    "134_40685": 181.08598613739014,
    "135_40685": 189.1393940448761,
    "136_41796": 216.70774841308594,
    "137_1442": 4.939010381698608,
    "138_41788": 47.949039936065674,
    "139_41815": 46.782004833221436,
    "140_1510": 9.090406656265259,
    "141_1487": 71.49808549880981,
    "142_41835": 267.68678736686707,
    "143_1497": 112.834317445755,
    "144_41816": 179.984801530838,
    "145_41770": 200.53299117088318,
    "146_41786": 234.74036359786987,
    "147_41869": 201.6179394721985,
    "148_41844": 70.9670672416687,
    "149_18": 38.879504442214966,
    "150_1539": 214.99277257919312,
    "151_41784": 31.2218976020813,
    "152_1444": 35.58665156364441,
    "153_41772": 236.5339696407318,
    "154_41819": 222.09284782409668,
    "155_1489": 99.5639271736145,
    "156_1069": 150.7140851020813,
    "157_1523": 4.902503728866577,
    "158_1056": 239.77078461647034,
    "159_41729": 261.5411128997803,
    "160_41813": 203.20842790603638,
    "161_54": 17.806707620620728,
    "162_41826": 35.86350870132446,
    "163_41780": 189.42786383628845,
    "164_41890": 211.15868711471558,
    "165_1539": 174.57301902770996,
    "166_41867": 30.46765112876892,
    "167_41751": 210.7971374988556,
    "168_1448": 5.276509761810303,
    "169_41761": 184.67412853240967,
    "170_1464": 13.732810020446777,
    "171_1544": 20.80704927444458,
    "172_1520": 17.529770612716675,
    "173_40691": 33.403010845184326,
    "174_41843": 198.34348702430725,
    "175_41794": 205.3260715007782,
    "176_41752": 206.59898567199707,
    "177_11": 10.19088363647461,
    "178_42468": 213.92246437072754,
    "179_1534": 177.71120953559875,
    "180_1493": 58.96839642524719,
    "181_18": 37.67734241485596,
    "182_41755": 213.86051630973816,
    "183_1535": 179.23022627830505,
    "184_41775": 236.30096220970154,
    "185_41736": 246.95300602912903,
    "186_41828": 185.85690188407898,
    "187_41817": 188.42550039291382,
    "188_41848": 36.60378289222717,
    "189_41834": 37.62890601158142,
    "190_41779": 185.3097002506256,
    "191_1539": 177.86713767051697,
    "192_1534": 201.17375421524048,
    "193_41830": 29.614168405532837,
    "194_41718": 232.2491865158081,
    "195_1537": 190.94324445724487,
    "196_41763": 192.22004199028015,
    "197_44": 203.44375872612,
    "198_41807": 241.27123379707336,
    "199_1497": 105.21501302719116,
    "200_1529": 26.181922435760498,
    "201_351": 183.82332754135132,
    "202_1502": 200.85051441192627,
    "203_1537": 187.24521851539612,
    "204_41754": 30.644582986831665,
    "205_41877": 289.03728580474854,
    "206_1242": 641.0207109451294,
    "207_1513": 4.104915618896484,
    "208_41865": 191.95853900909424,
    "209_1542": 19.072406768798828,
    "210_42186": 2.559406280517578,
    "211_41168": 277.21194219589233,
    "212_41882": 30.54754877090454,
    "213_41156": 81.68260264396667,
    "214_41156": 102.95865368843079,
    "215_160": 240.07636499404907,
    "216_41869": 176.47358441352844,
    "217_41860": 196.24927282333374,
    "218_15": 11.887554407119751,
    "219_1527": 53.97851228713989,
    "220_1413": 2.7213943004608154,
    "221_30": 92.2855134010315,
    "222_40498": 91.71342277526855,
    "223_41734": 198.16319918632507,
    "224_1500": 3.9528450965881348,
    "225_41738": 175.29868388175964,