{
    "0_41748": 31.05120873451233,
    "1_41726": 5.240270137786865,
    "2_41774": 31.047815322875977,
    "3_41896": 93.01787948608398,
    "4_41760": 3.149458646774292,
    "5_1487": 27.781227111816406,
    "6_41718": 92.24304485321045,
    "7_41817": 62.308504581451416,
    "8_41799": 62.01304650306702,
    "9_41791": 3.094627857208252,
    "10_1490": 0.07473516464233398,
    "11_41708": 62.2159206867218,
    "12_41850": 31.034757614135742,
    "13_41812": 4.101823329925537,
    "14_41849": 2.0712244510650635,
    "15_41798": 30.983055353164673,
    "16_1465": 0.025765657424926758,
    "17_41711": 61.82291054725647,
    "18_41728": 61.623117208480835,
    "19_41228": 249.37629961967468,
    "20_1502": 61.92248201370239,
    "21_30": 18.7439022064209,
    "22_41872": 4.1262595653533936,
    "23_41777": 62.17274475097656,
    "24_59": 0.11611270904541016,
    "25_41767": 63.28149676322937,
    "26_1061": 0.04819440841674805,
    "27_357": 522.0686507225037,
    "28_310": 77.67875909805298,
    "29_41756": 6.492678165435791,
    "30_41228": 459.58838295936584,
    "31_41869": 272.13271474838257,
    "32_1242": 1196.7294960021973,
    "33_41857": 6.1217100620269775,
    "34_952": 0.04560661315917969,
    "35_41818": 7.216734409332275,
    "36_1062": 0.04367470741271973,
    "37_41797": 7.228086948394775,
    "38_41833": 92.77159094810486,
    "39_41760": 4.114425420761108,
    "40_41782": 31.16331458091736,
    "41_1473": 0.016679763793945312,
    "42_53": 0.0885167121887207,
    "43_41430": 1.2667779922485352,
    "44_41859": 92.79939842224121,
    "45_41802": 154.79655766487122,
    "46_36": 11.573827028274536,
    "47_41748": 62.06412720680237,
    "48_1492": 36.348891258239746,
    "49_41751": 61.70223569869995,
    "50_1529": 1.4030425548553467,
    "51_41228": 338.8386199474335,
    "52_1464": 0.17663812637329102,
    "53_1059": 0.25164008140563965,
    "54_41874": 2.0831005573272705,
    "55_476": 0.008052349090576172,
    "56_41829": 1.040226697921753,
    "57_1492": 34.143712520599365,
    "58_41885": 31.1726553440094,
    "59_41877": 279.07672691345215,
    "60_41875": 5.11679744720459,
    "61_41919": 0.9273972511291504,
    "62_153": 123.69050860404968,
    "63_41752": 123.85232853889465,
    "64_41981": 0.98056960105896,
    "65_1065": 1.124433994293213,
    "66_41779": 92.88280463218689,
    "67_310": 92.94913816452026,
    "68_36": 9.876926898956299,
    "69_1534": 31.18165373802185,
    "70_1467": 0.13587164878845215,
    "71_1533": 31.149017333984375,
    "72_1066": 0.9152143001556396,
    "73_41822": 62.22135829925537,
    "74_41887": 154.78804349899292,
    "75_1537": 31.072890281677246,
    "76_41745": 92.77969574928284,
    "77_41735": 92.86858820915222,
    "78_41886": 31.326241731643677,
    "79_1496": 34.27393364906311,
    "80_41882": 8.210063219070435,
    "81_1459": 31.289177179336548,
    "82_41745": 62.2992262840271,
    "83_4154": 62.31506824493408,
    "84_41156": 11.647665739059448,
    "85_41892": 62.1329550743103,
    "86_1504": 4.609751224517822,
    "87_159": 31.332753896713257,
    "88_1519": 0.04462480545043945,
    "89_41767": 62.32769989967346,
    "90_1451": 2.845214366912842,
    "91_1466": 5.556554317474365,
    "92_159": 247.60021924972534,
    "93_1546": 0.7517235279083252,
    "94_1499": 0.07006049156188965,
    "95_1443": 0.6418397426605225,
    "96_41842": 31.286548614501953,
    "97_41825": 92.76083278656006,
    "98_1056": 775.1003422737122,
    "99_41863": 4.104044675827026,
    "100_1216": 31.182715892791748,
    "101_1543": 0.36046385765075684,
    "102_41714": 92.7407500743866,
    "103_1069": 39.252087116241455,
    "104_159": 278.5546064376831,
    "105_41851": 93.00638723373413,
    "106_1488": 0.1767890453338623,
    "107_41810": 31.304182291030884,
    "108_41836": 62.19341230392456,
    "109_41167": 124.33700776100159,
    "110_41027": 92.898850440979,
    "111_41783": 5.147220134735107,
    "112_41834": 2.066857099533081,
    "113_41825": 123.78758764266968,
    "114_41715": 123.67342019081116,
    "115_41896": 31.09358310699463,
    "116_1413": 0.017656326293945312,
    "117_1065": 0.6996786594390869,
    "118_14": 39.334521532058716,
    "119_41166": 1470.200903892517,
    "120_1523": 0.0903024673461914,
    "121_11": 0.12378573417663574,
    "122_41774": 30.94191861152649,
    "123_42477": 552.4471797943115,
    "124_41860": 246.97259545326233,
    "125_1222": 215.9459261894226,
    "126_1067": 18.890372276306152,
    "127_36": 6.525806427001953,
    "128_41722": 1.0479793548583984,
    "129_1500": 0.019502878189086914,
    "130_41778": 122.86321330070496,
    "131_357": 852.0266964435577,
    "132_1523": 0.07072162628173828,
    "133_4154": 277.25701928138733,
    "134_40685": 31.06864881515503,
    "135_40685": 61.985835790634155,
    "136_41796": 31.092169284820557,
    "137_1442": 0.09048008918762207,
    "138_41788": 1.0396790504455566,
    "139_41815": 2.074651002883911,
    "140_1510": 1.008988380432129,
    "141_1487": 3.998861789703369,
    "142_41835": 31.348060846328735,
    "143_1497": 110.86863040924072,
    "144_41816": 123.54698586463928,
    "145_41770": 123.67854952812195,
    "146_41786": 63.0299916267395,
    "147_41869": 31.964290380477905,
    "148_41844": 3.148240804672241,
    "149_18": 1.260575294494629,
    "150_1539": 52.39891719818115,
    "151_41784": 1.0421054363250732,
    "152_1444": 6.6270081996917725,
    "153_41772": 31.3345205783844,
    "154_41819": 155.05347204208374,
    "155_1489": 9.236032485961914,
    "156_1069": 155.35272574424744,
    "157_1523": 0.06145048141479492,
    "158_1056": 555.9457886219025,
    "159_41729": 31.25758719444275,
    "160_41813": 92.8265311717987,
    "161_54": 0.4779355525970459,
    "162_41826": 1.0477633476257324,
    "163_41780": 31.03962779045105,
    "164_41890": 216.89669680595398,
    "165_1539": 26.356230974197388,
    "166_41867": 5.142526388168335,
    "167_41751": 31.342807292938232,
    "168_1448": 0.28832292556762695,
    "169_41761": 31.27142834663391,
    "170_1464": 0.34444665908813477,
    "171_1544": 0.4984767436981201,
    "172_1520": 1.6329243183135986,
    "173_40691": 0.800520658493042,
    "174_41843": 215.9939694404602,
    "175_41794": 277.9794282913208,
    "176_41752": 92.94615626335144,
    "177_11": 0.23766446113586426,
    "178_42468": 123.29511976242065,
    "179_1534": 62.05144143104553,
    "180_1493": 14.697694778442383,
    "181_18": 4.876627445220947,
    "182_41755": 154.132417678833,
    "183_1535": 61.44123959541321,
    "184_41775": 215.84507369995117,
    "185_41736": 30.996497631072998,
    "186_41828": 276.91336488723755,
    "187_41817": 216.03937125205994,
    "188_41848": 5.0731260776519775,
    "189_41834": 3.062899112701416,
    "190_41779": 31.18893027305603,
    "191_1539": 26.207452535629272,
    "192_1534": 61.75183653831482,
    "193_41830": 3.067591905593872,
    "194_41718": 31.02406072616577,
    "195_1537": 31.037344217300415,
    "196_41763": 92.10429453849792,
    "197_44": 118.09085440635681,
    "198_41807": 92.64817690849304,
    "199_1497": 194.01453161239624,
    "200_1529": 0.7111179828643799,
    "201_351": 120.57186460494995,
    "202_1502": 31.008214473724365,
    "203_1537": 31.087848663330078,
    "204_41754": 2.068894624710083,
    "205_41877": 123.30840682983398,
    "206_1242": 32.82616090774536,
    "207_1513": 0.01323699951171875,
    "208_41865": 30.887948751449585,
    "209_1542": 0.43253326416015625,
    "210_42186": 0.013470888137817383,
    "211_41168": 617.8869686126709,
    "212_41882": 2.052194595336914,
    "213_41156": 85.04295444488525,
    "214_41156": 137.59781193733215,
    "215_160": 91.94336438179016,
    "216_41869": 30.820350646972656,
    "217_41860": 30.686363697052002,
    "218_15": 0.548391580581665,
    "219_1527": 6.422847032546997,
    "220_1413": 0.017920732498168945,
    "221_30": 18.370210886001587,
    "222_40498": 29.39665198326111,
    "223_41734": 213.8668932914734,
    "224_1500": 0.041263580322265625,